174-2	I
817-10	IV
817-11	IV
344	I
345	I
346	I
347	I
340	I
341	I
342	I
343	I
810	IV
811	IV
812	IV
813	IV
348	I
349	I
816	IV
817	IV
595	III
719	III
718	III
717	III
716	III
715	III
714	III
713	III
712	III
711	III
710	III
915	V
914	V
606	III
917	V
594	III
736	IV
916	V
911	V
619	III
910	V
913	V
298	I
299	I
296	I
297	I
294	I
295	I
292	I
293	I
290	I
291	I
591	III
590	III
593	III
592	III
199	I
198	I
597	III
596	III
195	I
194	I
98-2	I
196	I
191	I
190	I
193	I
192	I
270	I
271	I
272	I
273	I
274	I
275	I
276	I
277	I
278	I
279	I
738	IV
1005	2
524	III
525	III
526	III
527	III
520	III
521	III
522	III
523	III
1014	2
1015	2
599	III
1017	2
528	III
529	III
1012	2
1013	2
1025	2
449	III
448	III
443	III
442	III
441	III
440	III
447	III
446	III
445	III
444	III
108	I
109	I
102	I
103	I
100	I
101	I
106	I
107	I
104	I
105	I
902	V
903	V
900	V
901	V
906	V
907	V
904	V
905	V
33	I
32	I
31	I
30	I
37	I
36	I
35	I
34	I
641	III
640	III
643	III
642	III
645	III
644	III
438	III
439	III
436	III
437	III
434	III
435	III
432	III
433	III
430	III
431	III
859-2	IV
859-3	IV
339	I
338	I
335	I
334	I
337	I
336	I
331	I
330	I
333	I
332	I
744	IV
745	IV
854	IV
818	IV
856	IV
857	IV
850	IV
851	IV
852	IV
819	IV
958-2	V
876-3	IV
858	IV
859	IV
748	IV
6	I
1000	2
848	IV
99	I
98	I
844	IV
91	I
90	I
93	I
92	I
95	I
94	I
97	I
96	I
814	IV
1030	2
815	IV
740	IV
741	IV
742	IV
743	IV
559	III
558	III
746	IV
747	IV
555	III
554	III
557	III
556	III
551	III
550	III
553	III
552	III
238	I
239	I
234	I
235	I
236	I
237	I
230	I
231	I
232	I
233	I
876-7	IV
992	2
1	I
614	III
876-6	IV
146	I
147	I
144	I
145	I
142	I
143	I
140	I
141	I
612	III
613	III
610	III
611	III
616	III
617	III
148	I
149	I
1007	2
912	V
1006	2
154	I
876-9	IV
1004	2
948	V
949	V
946	V
947	V
944	V
945	V
942	V
943	V
940	V
941	V
768	IV
689	III
688	III
929	V
685	III
684	III
687	III
686	III
681	III
680	III
683	III
682	III
623	III
133	I
132	I
131	I
130	I
137	I
136	I
135	I
134	I
494	III
495	III
139	I
138	I
490	III
491	III
492	III
493	III
24	I
25	I
26	I
27	I
20	I
21	I
22	I
23	I
398-14	I
398-15	I
398-16	I
398-17	I
28	I
29	I
398-12	I
398-13	I
407	III
406	III
405	III
404	III
403	III
402	III
401	III
400	III
933	V
932	V
931	V
930	V
937	V
629	III
409	III
408	III
628	III
1028	2
758	IV
1018	2
379	I
378	I
829	IV
828	IV
371	I
370	I
373	I
372	I
375	I
374	I
377	I
376	I
1019	2
708	III
709	III
704	III
705	III
706	III
707	III
700	III
618	III
702	III
703	III
393	I
392	I
88	I
89	I
397	I
396	I
395	I
394	I
399	III
398	I
86	I
87	I
994	2
85	I
797	IV
796	IV
795	IV
794	IV
793	IV
792	IV
791	IV
790	IV
799	IV
798	IV
7	I
601	III
607	III
586	III
587	III
584	III
585	III
582	III
583	III
580	III
581	III
588	III
589	III
245	I
244	I
247	I
246	I
241	I
240	I
243	I
242	I
615	III
249	I
248	I
924	V
970	2
925	V
519	III
518	III
926	V
1009	2
1008	2
511	III
510	III
513	III
512	III
515	III
514	III
517	III
516	III
458	III
459	III
621	III
620	III
627	III
626	III
625	III
624	III
450	III
451	III
452	III
453	III
454	III
455	III
456	III
457	III
179	I
178	I
177	I
176	I
175	I
174	I
173	I
172	I
171	I
170	I
977	2
656	III
975	2
974	2
973	2
972	2
971	2
657	III
654	III
979	2
978	2
182	I
183	I
180	I
181	I
186	I
187	I
184	I
185	I
652	III
188	I
189	I
197	I
658	III
653	III
650	III
651	III
764	IV
11	I
10	I
13	I
12	I
15	I
14	I
17	I
16	I
19	I
18	I
863	IV
862	IV
865	IV
864	IV
867	IV
866	IV
884	V
938	V
659	III
883	V
753	IV
881	IV
880	IV
887	V
886	V
885	V
752	IV
928	V
889	V
969-2	2
1032	2
756	IV
904-2	V
809	IV
322	I
323	I
320	I
321	I
326	I
327	I
324	I
325	I
328	I
329	I
759	IV
201	I
200	I
203	I
202	I
205	I
204	I
207	I
206	I
209	I
779	IV
778	IV
1002	2
831	IV
655	III
2	I
1042	2
1041	2
1040	2
1043	2
1044	2
806-2	IV
806-3	IV
805	IV
804	IV
669	III
668	III
667	III
666	III
665	III
664	III
663	III
662	III
661	III
660	III
769	IV
692	III
693	III
690	III
691	III
696	III
697	III
694	III
695	III
698	III
699	III
542	III
543	III
540	III
541	III
546	III
547	III
544	III
545	III
8	I
548	III
549	III
598	III
995	2
869	IV
997	2
996	2
991	2
990	2
993	2
868	IV
999	2
998	2
120	I
121	I
122	I
123	I
124	I
125	I
126	I
127	I
128	I
129	I
765	IV
1016	2
1010	2
1011	2
414	III
415	III
416	III
417	III
410	III
411	III
412	III
413	III
920	V
498	III
922	V
923	V
418	III
419	III
776	IV
499	III
319	I
318	I
313	I
312	I
311	I
310	I
317	I
316	I
315	I
314	I
465-3	III
465-2	III
465-5	III
465-4	III
861	IV
921	V
496	III
832	IV
833	IV
830	IV
497	III
836	IV
837	IV
834	IV
835	IV
838	IV
839	IV
808	IV
574	III
3	I
725	IV
369	I
366	I
364	I
365	I
362	I
363	I
360	I
361	I
959	V
882	V
380	I
381	I
382	I
383	I
384	I
385	I
386	I
387	I
388	I
389	I
398-6	I
398-7	I
398-4	I
398-5	I
784	IV
785	IV
786	IV
787	IV
780	IV
781	IV
782	IV
783	IV
788	IV
398-8	I
860	IV
398-9	I
876-10	IV
605	III
579	III
578	III
604	III
573	III
398-10	I
571	III
570	III
577	III
576	III
575	III
398-11	I
398-2	I
258	I
259	I
398-3	I
252	I
253	I
250	I
251	I
256	I
257	I
254	I
255	I
603	III
602	III
939	V
731	IV
730	IV
733	IV
732	IV
735	IV
734	IV
508	III
509	III
506	III
507	III
504	III
505	III
502	III
503	III
500	III
501	III
630	III
631	III
632	III
633	III
469	III
468	III
636	III
637	III
465	III
464	III
467	III
466	III
461	III
460	III
463	III
462	III
168	I
169	I
164	I
165	I
166	I
167	I
160	I
161	I
162	I
163	I
964	V
965	V
966	V
967	2
960	V
961	V
962	V
963	V
968	2
969	2
936	V
935	V
934	V
908	V
909	V
876-8	IV
789	IV
600	III
878	IV
879	IV
876	IV
877	IV
874	IV
875	IV
872	IV
873	IV
870	IV
871	IV
876-2	IV
9	I
876-5	IV
876-4	IV
890	V
891	V
892	V
893	V
894	V
647	III
896	V
897	V
898	V
899	V
646	III
649	III
648	III
985	2
357	I
356	I
355	I
354	I
353	I
352	I
351	I
350	I
803	IV
802	IV
801	IV
800	IV
807	IV
806	IV
359	I
358	I
216	I
217	I
214	I
215	I
212	I
213	I
210	I
211	I
762	IV
763	IV
760	IV
761	IV
766	IV
767	IV
218	I
219	I
1033	2
834-2	IV
289	I
288	I
32-2	I
1003	2
4	I
572	III
281	I
280	I
283	I
282	I
285	I
284	I
287	I
286	I
678	III
679	III
674	III
675	III
676	III
677	III
670	III
671	III
672	III
673	III
263	I
262	I
261	I
260	I
267	I
266	I
265	I
264	I
1031	2
269	I
268	I
701	III
537	III
536	III
535	III
534	III
533	III
532	III
531	III
530	III
539	III
538	III
987	2
775	IV
988	2
989	2
774	IV
982	2
983	2
980	2
981	2
986	2
777	IV
984	2
398-18	I
115	I
114	I
117	I
116	I
111	I
110	I
113	I
112	I
771	IV
119	I
118	I
770	IV
773	IV
772	IV
398-19	I
429	III
428	III
1034	2
919	V
918	V
421	III
420	III
423	III
422	III
425	III
424	III
427	III
426	III
308	I
309	I
855	IV
300	I
301	I
302	I
303	I
304	I
305	I
306	I
307	I
895	V
825	IV
824	IV
827	IV
847	IV
846	IV
845	IV
826	IV
843	IV
841	IV
840	IV
821	IV
853	IV
849	IV
820	IV
823	IV
822	IV
857-2	IV
1038	2
1039	2
817-8	IV
817-9	IV
817-6	IV
817-7	IV
817-4	IV
817-5	IV
817-2	IV
817-3	IV
568	III
569	III
751	IV
750	IV
737	IV
755	IV
754	IV
560	III
561	III
562	III
563	III
564	III
565	III
566	III
567	III
739	IV
927	V
229	I
228	I
227	I
226	I
225	I
224	I
223	I
222	I
221	I
220	I
1001	2
1024	2
1027	2
1026	2
1021	2
1020	2
1023	2
1022	2
1036	2
1029	2
391	I
1037	2
726	IV
727	IV
724	III
390	I
722	III
723	III
720	III
721	III
1035	2
728	IV
729	IV
151	I
150	I
153	I
152	I
155	I
269-2	I
157	I
156	I
159	I
158	I
958-3	V
609	III
608	III
976	2
634	III
635	III
749	IV
958	V
951	V
950	V
953	V
952	V
955	V
954	V
957	V
956	V
638	III
5	I
639	III
489	III
488	III
487	III
486	III
485	III
484	III
483	III
482	III
481	III
480	III
398-21	I
398-20	I
398-22	I
472	III
473	III
470	III
471	III
476	III
477	III
474	III
475	III
478	III
479	III
811-2	IV
