0	H26-11-A
1	H26-10-3
2	H21-9-1
3	H24-15-3
4	H25-16-4
5	H23-12-U
6	H20-15-A
7	H18-15-2
8	H19-16-4
9	H20-12-4
10	H26-12-I
11	H19-10-O
12	H21-9-4
13	H22-11-2
14	H22-11-5
15	H26-11-G
16	H24-16-5
17	H21-12-2
18	H21-13-A
19	H27-11-U
20	H19-16-3
21	H18-9-1
22	H24-10-1
23	H25-14-A
24	H27-11-O
25	H25-13-5
26	H26-13-G
27	H24-12-1
28	H23-10-3
29	H24-16-4
30	H23-10-4
31	H23-13-E
32	H21-13-I
33	H18-9-2
34	H19-8-A
35	H19-11-5
36	H21-12-3
37	H18-32-5
38	H25-8-4
39	H26-14-I
40	H21-8-A
41	H21-10-5
42	H19-13-I
43	H19-13-O
44	H25-14-U
45	H26-14-G
46	H21-9-2
47	H24-10-5
48	H21-13-O
49	H27-11-A
50	H24-14-U
51	H19-13-E
52	H26-10-1
53	H24-9-4
54	H21-9-3
55	H24-22-3
56	H19-16-2
57	H26-36-I
58	H22-8-I
59	H21-12-1
60	H24-14-A
61	H24-10-4
62	H18-26-1
63	H22-9-I
64	H26-13-E
65	H24-12-2
66	H25-8-1
67	H23-12-A
68	H20-12-2
69	H24-15-1
70	H23-13-A
71	H19-16-1
72	H19-11-3
73	H21-7-5
74	H22-11-1
75	H27-12-E
76	H26-11-E
77	H23-10-1
78	H25-11-U
79	H25-13-1
80	H19-12-4
81	H19-12-1
82	H25-14-E
83	H19-12-3
84	H19-13-U
85	H21-10-1
86	H24-17-1
87	H23-9-2
88	H18-9-3
89	H25-11-E
90	H24-15-4
91	H25-13-3
92	H24-12-5
93	H27-36-A
94	H18-15-4
95	H22-10-O
96	H24-17-4
97	H24-17-3
98	H18-26-5
99	H25-16-3
100	H21-29-A
101	H26-27-I
102	H26-12-A
103	H21-13-E
104	H26-12-C
105	H25-8-3
106	H19-16-5
107	H26-13-I
108	H27-12-O
109	H26-36-G
110	H25-11-O
111	H26-12-E
112	H25-11-A
113	H21-3-1
114	H26-14-E
115	H26-13-A
116	H26-36-E
117	H24-12-3
118	H26-11-I
119	H24-16-2
120	H27-11-E
121	H23-9-3
122	H19-14-1
123	H20-12-5
124	H20-26-5
125	H21-10-2
126	H19-10-I
127	H24-17-2
128	H-A175-P0
129	H-A176-P0
130	H-A177-P0
131	H-A178-P0
132	H-A179-P0
133	H-A179-P1
134	H-A179-P2
135	H-A180-P0
136	H-A181-P0
137	H-A182-P0
138	H-A182-P1
139	H-A183-P0
140	H-A184-P0
141	H-A185-P0
142	H-A186-P0
143	H-A186-P1
144	H-A187-P0
145	H-A187-P1
146	H-A188-P0
147	H-A189-P0
148	H-A189-P1
149	H-A190-P0
150	H-A190-P1
151	H-A191-P0
152	H-A192-P0
153	H-A193-P0
154	H-A194-P0
155	H-A195-P0
156	H-A196-P0
157	H-A196-P1
158	H-A197-P0
159	H-A198-P0
160	H-A199-P0
161	H-A200-P0
162	H-A200-P1
163	H-A201-P0
164	H-A201-P1
165	H-A201-P2
166	H-A202-P0
167	H-A202-P1
168	H-A203-P0
169	H-A204-P0
170	H-A204-P1
171	H-A205-P0
172	H-A206-P0
173	H-A207-P0
174	H-A208-P0
175	H-A209-P0
176	H-A209-P1
177	H-A210-P0
178	H-A210-P1
179	H-A211-P0
180	H-A211-P1
181	H-A212-P0
182	H-A213-P0
183	H-A213-P1
184	H-A214-P0
185	H-A215-P0
186	H-A216-P0
187	H-A217-P0
188	H-A218-P0
189	H-A219-P0
190	H-A219-P1
191	H-A219-P2
192	H-A220-P0
193	H-A221-P0
194	H-A221-P1
195	H-A222-P0
196	H-A222-P1
197	H-A222-P2
198	H-A223-P0
199	H-A224-P0
200	H-A225-P0
201	H-A225-P1
202	H-A226-P0
203	H-A227-P0
204	H-A228-P0
205	H-A229-P0
206	H-A230-P0
207	H-A230-P1
208	H-A231-P0
209	H-A231-P1
210	H-A232-P0
211	H-A233-P0
212	H-A233-P1
213	H-A234-P0
214	H-A234-P1
215	H-A235-P0
216	H-A235-P1
217	H-A236-P0
218	H-A237-P0
219	H-A237-P1
220	H-A238-P0
221	H-A239-P0
222	H-A239-P1
223	H-A240-P0
224	H-A241-P0
225	H-A242-P0
226	H-A243-P0
227	H-A244-P0
228	H-A245-P0
229	H-A246-P0
230	H-A246-P1
231	H-A247-P0
232	H-A247-P1
233	H-A248-P0
234	H-A249-P0
235	H-A250-P0
236	H-A251-P0
237	H-A252-P0
238	H-A253-P0
239	H-A253-P1
240	H-A254-P0
241	H-A255-P0
242	H-A256-P0
243	H-A256-P1
244	H-A257-P0
245	H-A258-P0
246	H-A258-P1
247	H-A259-P0
248	H-A259-P1
249	H-A260-P0
250	H-A260-P1
251	H-A261-P0
252	H-A262-P0
253	H-A262-P1
254	H-A262-P2
255	H-A262-P3
256	H-A263-P0
257	H-A264-P0
258	H-A265-P0
259	H-A266-P0
260	H-A266-P1
261	H-A267-P0
262	H-A268-P0
263	H-A268-P1
264	H-A269-P0
265	H-A269-P1
266	H-A269-2-P0
267	H-A269-2-P1
268	H-A270-P0
269	H-A271-P0
270	H-A272-P0
271	H-A273-P0
272	H-A274-P0
273	H-A275-P0
274	H-A276-P0
275	H-A277-P0
276	H-A278-P0
277	H-A278-P1
278	H-A278-P2
279	H-A279-P0
280	H-A280-P0
281	H-A281-P0
282	H-A281-P1
283	H-A282-P0
284	H-A282-P1
285	H-A283-P0
286	H-A284-P0
287	H-A284-P1
288	H-A284-P2
289	H-A285-P0
290	H-A285-P1
291	H-A286-P0
292	H-A287-P0
293	H-A288-P0
294	H-A288-P1
295	H-A289-P0
296	H-A290-P0
297	H-A291-P0
298	H-A292-P0
299	H-A293-P0
300	H-A294-P0
301	H-A295-P0
302	H-A295-P1
303	H-A296-P0
304	H-A297-P0
305	H-A297-P1
306	H-A298-P0
307	H-A298-P1
308	H-A298-P2
309	H-A299-P0
310	H-A299-P1
311	H-A300-P0
312	H-A301-P0
313	H-A302-P0
314	H-A303-P0
315	H-A304-P0
316	H-A304-P1
317	H-A305-P0
318	H-A306-P0
319	H-A307-P0
320	H-A307-P1
321	H-A308-P0
322	H-A309-P0
323	H-A309-P1
324	H-A310-P0
325	H-A311-P0
326	H-A312-P0
327	H-A313-P0
328	H-A313-P1
329	H-A314-P0
330	H-A315-P0
331	H-A316-P0
332	H-A317-P0
333	H-A318-P0
334	H-A319-P0
335	H-A320-P0
336	H-A321-P0
337	H-A322-P0
338	H-A323-P0
339	H-A324-P0
340	H-A325-P0
341	H-A326-P0
342	H-A327-P0
343	H-A327-P1
344	H-A328-P0
345	H-A329-P0
346	H-A329-P1
347	H-A330-P0
348	H-A330-P1
349	H-A330-P2
350	H-A331-P0
351	H-A331-P1
352	H-A332-P0
353	H-A333-P0
354	H-A334-P0
355	H-A335-P0
356	H-A335-P1
357	H-A335-P2
358	H-A335-P3
359	H-A336-P0
360	H-A337-P0
361	H-A338-P0
362	H-A338-P1
363	H-A339-P0
364	H-A340-P0
365	H-A341-P0
366	H-A342-P0
367	H-A343-P0
368	H-A344-P0
369	H-A345-P0
370	H-A346-P0
371	H-A347-P0
372	H-A348-P0
373	H-A349-P0
374	H-A350-P0
375	H-A351-P0
376	H-A352-P0
377	H-A353-P0
378	H-A354-P0
379	H-A355-P0
380	H-A356-P0
381	H-A357-P0
382	H-A358-P0
383	H-A359-P0
384	H-A360-P0
385	H-A360-P1
386	H-A361-P0
387	H-A362-P0
388	H-A362-P1
389	H-A363-P0
390	H-A364-P0
391	H-A365-P0
392	H-A366-P0
393	H-A366-P1
394	H-A366-P2
395	H-A366-P3
396	H-A367-P0
397	H-A368-P0
398	H-A369-P0
399	H-A369-P1
400	H-A370-P0
401	H-A371-P0
402	H-A372-P0
403	H-A373-P0
404	H-A374-P0
405	H-A374-P1
406	H-A375-P0
407	H-A375-P1
408	H-A376-P0
409	H-A376-P1
410	H-A377-P0
411	H-A377-P1
412	H-A378-P0
413	H-A379-P0
414	H-A380-P0
415	H-A381-P0
416	H-A382-P0
417	H-A383-P0
418	H-A384-P0
419	H-A385-P0
420	H-A386-P0
421	H-A387-P0
422	H-A387-P1
423	H-A388-P0
424	H-A389-P0
425	H-A389-P1
426	H-A390-P0
427	H-A391-P0
428	H-A392-P0
429	H-A392-P1
430	H-A393-P0
431	H-A394-P0
432	H-A394-P1
433	H-A395-P0
434	H-A395-P1
435	H-A396-P0
436	H-A397-P0
437	H-A398-P0
438	H-A398-10-P0
439	H-A398-10-P1
440	H-A398-10-P2
441	H-A398-11-P0
442	H-A398-11-P1
443	H-A398-12-P0
444	H-A398-12-P1
445	H-A398-12-P2
446	H-A398-13-P0
447	H-A398-14-P0
448	H-A398-14-P1
449	H-A398-15-P0
450	H-A398-16-P0
451	H-A398-17-P0
452	H-A398-17-P1
453	H-A398-18-P0
454	H-A398-19-P0
455	H-A398-19-P1
456	H-A398-19-P2
457	H-A398-2-P0
458	H-A398-2-P1
459	H-A398-2-P2
460	H-A398-20-P0
461	H-A398-20-P1
462	H-A398-21-P0
463	H-A398-21-P1
464	H-A398-22-P0
465	H-A398-22-P1
466	H-A398-22-P2
467	H-A398-3-P0
468	H-A398-3-P1
469	H-A398-4-P0
470	H-A398-4-P1
471	H-A398-4-P2
472	H-A398-5-P0
473	H-A398-6-P0
474	H-A398-6-P1
475	H-A398-6-P2
476	H-A398-6-P3
477	H-A398-7-P0
478	H-A398-7-P1
479	H-A398-7-P2
480	H-A398-8-P0
481	H-A398-8-P1
482	H-A398-8-P2
483	H-A398-8-P3
484	H-A398-9-P0
485	H-A398-9-P1
486	H-A398-9-P2
487	H-A398-9-P3
