0	H27-24-4
1	H18-2-2
2	H26-4-G
3	H20-26-2
4	H26-19-G
5	H27-5-E
6	H26-6-A
7	H26-22-2
8	H21-3-5
9	H20-27-E
10	H23-4-U
11	H24-25-1
12	H21-26-U
13	H27-28-A
14	H22-25-3
15	H27-15-I
16	H26-31-G
17	H27-35-I
18	H27-23-I
19	H22-5-I
20	H21-24-A
21	H26-16-E
22	H21-26-O
23	H24-20-E
24	H24-30-2
25	H20-19-O
26	H27-25-O
27	H27-32-U
28	H27-36-I
29	H23-2-A
30	H26-20-3
31	H27-28-U
32	H19-26-O
33	H23-5-3
34	H25-22-2
35	H25-21-U
36	H23-2-I
37	H21-1-2
38	H27-6-2
39	H24-28-3
40	H25-26-3
41	H24-28-2
42	H24-6-A
43	H26-1-A
44	H21-20-4
45	H27-35-U
46	H22-26-I
47	H23-2-O
48	H24-22-5
49	H23-11-E
50	H18-28-3
51	H25-4-U
52	H27-31-I
53	H18-2-3
54	H19-4-I
55	H22-5-O
56	H27-26-I
57	H20-28-U
58	H26-30-2
59	H22-27-5
60	H18-29-4
61	H22-26-E
62	H20-6-5
63	H27-22-3
64	H27-27-E
65	H27-36-U
66	H26-37-E
67	H24-22-4
68	H19-6-I
69	H21-3-3
70	H23-1-2
71	H27-29-A
72	H26-1-G
73	H23-25-E
74	H26-25-3
75	H24-28-1
76	H26-20-5
77	H24-20-U
78	H20-6-2
79	H20-2-O
80	H25-22-4
81	H24-7-O
82	H18-2-5
83	H23-3-A
84	H18-20-2
85	H27-22-1
86	H27-32-E
87	H26-19-C
88	H26-30-4
89	H24-27-O
90	H26-22-3
91	H26-23-G
92	H20-27-I
93	H21-1-4
94	H21-25-4
95	H18-1-1
96	H27-26-A
97	H27-20-E
98	H24-5-3
99	H27-26-U
100	H20-3-2
101	H26-22-4
102	H23-25-U
103	H21-5-4
104	H20-28-O
105	H20-3-4
106	H23-1-3
107	H27-23-E
108	H26-31-I
109	H24-23-3
110	H25-29-E
111	H22-21-4
112	H26-32-A
113	H18-23-U
114	H23-3-I
115	H27-33-O
116	H21-1-1
117	H27-5-U
118	H24-24-U
119	H27-27-U
120	H25-6-E
121	H26-16-C
122	H25-27-1
123	H24-28-4
124	H26-27-E
125	H26-27-C
126	H26-18-2
127	H26-32-G
128	H25-2-U
129	H27-24-3
130	H26-23-A
131	H27-33-I
132	H18-3-2
133	H22-3-A
134	H22-22-2
135	H21-27-O
136	H26-20-1
137	H27-35-A
138	H22-28-4
139	H26-24-A
140	H19-15-I
141	H24-4-I
142	H26-25-4
143	H25-3-3
144	H22-1-A
145	H20-30-I
146	H24-2-1
147	H26-32-C
148	H27-19-O
149	H21-21-5
150	H27-21-O
151	H24-11-1
152	H27-19-I
153	H26-18-1
154	H22-26-A
155	H22-27-1
156	H18-2-4
157	H24-4-E
158	H23-17-1
159	H26-25-2
160	H24-19-1
161	H22-1-I
162	H22-28-3
163	H26-3-G
164	H24-20-O
165	H24-7-E
166	H18-27-U
167	H26-37-A
168	H26-33-E
169	H18-2-1
170	H23-1-4
171	H25-24-E
172	H23-21-4
173	H24-27-E
174	H26-1-I
175	H25-24-A
176	H24-28-5
177	H22-21-2
178	H22-14-O
179	H19-20-I
180	H20-18-E
181	H27-21-E
182	H26-36-A
183	H26-20-2
184	H27-27-O
185	H26-3-C
186	H22-26-U
187	H21-22-5
188	H25-21-E
189	H27-31-A
190	H25-2-I
191	H25-26-5
192	H23-26-3
193	H27-28-I
194	H22-4-E
195	H27-3-I
196	H23-19-5
197	H27-22-4
198	H19-5-3
199	H24-7-A
200	H24-30-3
201	H27-27-A
202	H27-36-O
203	H22-23-O
204	H22-15-A
205	H25-23-O
206	H20-15-E
207	H21-24-O
208	H26-31-C
209	H22-19-A
210	H25-29-U
211	H20-28-A
212	H20-18-O
213	H26-18-4
214	H26-30-3
215	H21-25-5
216	H26-33-A
217	H27-24-1
218	H22-14-E
219	H24-1-U
220	H18-20-3
221	H26-17-C
222	H20-19-E
223	H23-11-O
224	H24-20-A
225	H18-23-I
226	H27-34-U
227	H26-16-I
228	H21-26-A
229	H27-24-2
230	H21-24-I
231	H22-14-I
232	H20-28-E
233	H27-19-U
234	H25-3-5
235	H18-1-3
236	H24-23-1
237	H19-26-I
238	H22-18-I
239	H21-19-A
240	H21-25-3
241	H19-30-3
242	H24-4-O
243	H18-20-1
244	H26-33-C
245	H26-24-G
246	H26-24-I
247	H24-2-4
248	H22-27-2
249	H20-2-A
250	H25-26-2
251	H20-18-A
252	H27-32-O
253	H27-31-E
254	H25-3-1
255	H19-17-2
256	H23-4-O
257	H22-4-A
258	H21-1-3
259	H21-19-I
260	H25-29-I
261	H25-2-E
262	H23-29-2
263	H26-32-I
264	H27-29-U
265	H20-3-5
266	H21-3-2
267	H18-28-1
268	H26-20-4
269	H27-31-O
270	H27-3-E
271	H25-22-3
272	H20-27-O
273	H27-23-A
274	H24-22-1
275	H19-1-5
276	H22-5-U
277	H24-6-I
278	H25-3-4
279	H18-29-5
280	H25-27-4
281	H21-19-U
282	H20-15-I
283	H24-2-2
284	H26-29-2
285	H26-19-A
286	H27-23-O
287	H23-25-O
288	H27-20-A
289	H27-6-1
290	H26-1-E
291	H26-1-C
292	H20-30-O
293	H27-3-U
294	H24-27-A
295	H26-16-A
296	H20-19-U
297	H19-1-3
298	H22-27-4
299	H26-31-E
300	H24-9-1
301	H25-24-O
302	H19-17-1
303	H26-22-1
304	H25-26-1
305	H26-30-1
306	H20-19-A
307	H22-17-4
308	H24-4-U
309	H24-4-A
310	H20-27-A
311	H23-1-5
312	H22-15-U
313	H27-29-O
314	H25-26-4
315	H23-5-2
316	H24-30-1
317	H26-2-G
318	H18-28-4
319	H20-18-U
320	H26-37-G
321	H24-8-5
322	H20-3-3
323	H22-27-3
324	H27-31-U
325	H25-30-3
326	H26-24-E
327	H-A1-P0
328	H-A1-P1
329	H-A1-P2
330	H-A10-P0
331	H-A100-P0
332	H-A1000-P0
333	H-A1001-P0
334	H-A1001-P1
335	H-A1002-P0
336	H-A1002-P1
337	H-A1003-P0
338	H-A1004-P0
339	H-A1004-P1
340	H-A1004-P2
341	H-A1005-P0
342	H-A1006-P0
343	H-A1006-P1
344	H-A1006-P2
345	H-A1007-P0
346	H-A1008-P0
347	H-A1009-P0
348	H-A101-P0
349	H-A101-P1
350	H-A1010-P0
351	H-A1011-P0
352	H-A1011-P1
353	H-A1012-P0
354	H-A1012-P1
355	H-A1013-P0
356	H-A1014-P0
357	H-A1015-P0
358	H-A1016-P0
359	H-A1016-P1
360	H-A1017-P0
361	H-A1017-P1
362	H-A1018-P0
363	H-A1018-P1
364	H-A1019-P0
365	H-A1019-P1
366	H-A102-P0
367	H-A1020-P0
368	H-A1021-P0
369	H-A1022-P0
370	H-A1023-P0
371	H-A1023-P1
372	H-A1024-P0
373	H-A1025-P0
374	H-A1026-P0
375	H-A1027-P0
376	H-A1028-P0
377	H-A1029-P0
378	H-A1029-P1
379	H-A103-P0
380	H-A1030-P0
381	H-A1031-P0
382	H-A1032-P0
383	H-A1033-P0
384	H-A1034-P0
385	H-A1035-P0
386	H-A1036-P0
387	H-A1037-P0
388	H-A1038-P0
389	H-A1039-P0
390	H-A104-P0
391	H-A1040-P0
392	H-A1040-P1
393	H-A1041-P0
394	H-A1041-P1
395	H-A1042-P0
396	H-A1043-P0
397	H-A1043-P1
398	H-A1044-P0
399	H-A105-P0
400	H-A105-P1
401	H-A106-P0
402	H-A107-P0
403	H-A107-P1
404	H-A108-P0
405	H-A109-P0
406	H-A11-P0
407	H-A110-P0
408	H-A111-P0
409	H-A111-P1
410	H-A112-P0
411	H-A113-P0
412	H-A113-P1
413	H-A114-P0
414	H-A115-P0
415	H-A116-P0
416	H-A117-P0
417	H-A117-P1
418	H-A118-P0
419	H-A119-P0
420	H-A12-P0
421	H-A120-P0
422	H-A120-P1
423	H-A121-P0
424	H-A122-P0
425	H-A123-P0
426	H-A124-P0
427	H-A124-P1
428	H-A124-P2
429	H-A125-P0
430	H-A126-P0
431	H-A127-P0
432	H-A127-P1
433	H-A127-P2
434	H-A128-P0
435	H-A129-P0
436	H-A13-P0
437	H-A13-P1
438	H-A13-P2
439	H-A13-P3
440	H-A130-P0
441	H-A131-P0
442	H-A131-P1
443	H-A131-P2
444	H-A132-P0
445	H-A133-P0
446	H-A133-P1
447	H-A134-P0
448	H-A135-P0
449	H-A135-P1
450	H-A136-P0
451	H-A136-P1
452	H-A137-P0
453	H-A138-P0
454	H-A139-P0
455	H-A14-P0
456	H-A14-P1
457	H-A140-P0
458	H-A141-P0
459	H-A142-P0
460	H-A143-P0
461	H-A143-P1
462	H-A144-P0
463	H-A145-P0
464	H-A146-P0
465	H-A147-P0
466	H-A148-P0
467	H-A149-P0
468	H-A15-P0
469	H-A15-P1
470	H-A15-P2
471	H-A150-P0
472	H-A151-P0
473	H-A152-P0
474	H-A153-P0
475	H-A154-P0
476	H-A155-P0
477	H-A156-P0
478	H-A157-P0
479	H-A157-P1
480	H-A158-P0
481	H-A158-P1
482	H-A159-P0
483	H-A16-P0
484	H-A160-P0
485	H-A161-P0
486	H-A162-P0
487	H-A162-P1
488	H-A163-P0
489	H-A164-P0
490	H-A165-P0
491	H-A166-P0
492	H-A166-P1
493	H-A167-P0
494	H-A167-P1
495	H-A168-P0
496	H-A168-P1
497	H-A169-P0
498	H-A17-P0
499	H-A17-P1
500	H-A17-P2
501	H-A17-P3
502	H-A170-P0
503	H-A171-P0
504	H-A172-P0
505	H-A172-P1
506	H-A173-P0
507	H-A174-P0
508	H-A174-2-P0
509	H-A174-2-P1
510	H-A18-P0
511	H-A18-P1
512	H-A18-P2
513	H-A19-P0
514	H-A19-P1
515	H-A2-P0
516	H-A20-P0
517	H-A20-P1
518	H-A20-P2
519	H-A20-P3
520	H-A21-P0
521	H-A22-P0
522	H-A23-P0
523	H-A23-P1
524	H-A24-P0
525	H-A25-P0
526	H-A25-P1
527	H-A26-P0
528	H-A27-P0
529	H-A27-P1
530	H-A27-P2
531	H-A28-P0
532	H-A29-P0
533	H-A29-P1
534	H-A3-P0
535	H-A3-P1
536	H-A30-P0
537	H-A30-P1
538	H-A31-P0
539	H-A32-P0
540	H-A32-P1
541	H-A32-2-P0
542	H-A33-P0
543	H-A34-P0
544	H-A35-P0
545	H-A36-P0
546	H-A36-P1
547	H-A37-P0
548	H-A399-P0
549	H-A4-P0
550	H-A400-P0
551	H-A401-P0
552	H-A401-P1
553	H-A402-P0
554	H-A402-P1
555	H-A402-P2
556	H-A403-P0
557	H-A404-P0
558	H-A405-P0
559	H-A406-P0
560	H-A407-P0
561	H-A407-P1
562	H-A408-P0
563	H-A409-P0
564	H-A409-P1
565	H-A410-P0
566	H-A410-P1
567	H-A411-P0
568	H-A412-P0
569	H-A412-P1
570	H-A412-P2
571	H-A413-P0
572	H-A414-P0
573	H-A414-P1
574	H-A414-P2
575	H-A414-P3
576	H-A415-P0
577	H-A416-P0
578	H-A416-P1
579	H-A417-P0
580	H-A418-P0
581	H-A419-P0
582	H-A419-P1
583	H-A419-P2
584	H-A420-P0
585	H-A420-P1
586	H-A420-P2
587	H-A421-P0
588	H-A422-P0
589	H-A423-P0
590	H-A423-P1
591	H-A424-P0
592	H-A424-P1
593	H-A425-P0
594	H-A426-P0
595	H-A427-P0
596	H-A428-P0
597	H-A429-P0
598	H-A429-P1
599	H-A430-P0
600	H-A431-P0
601	H-A432-P0
602	H-A433-P0
603	H-A434-P0
604	H-A435-P0
605	H-A436-P0
606	H-A436-P1
607	H-A437-P0
608	H-A438-P0
609	H-A439-P0
610	H-A440-P0
611	H-A441-P0
612	H-A442-P0
613	H-A442-P1
614	H-A443-P0
615	H-A443-P1
616	H-A444-P0
617	H-A445-P0
618	H-A446-P0
619	H-A446-P1
620	H-A446-P2
621	H-A447-P0
622	H-A447-P1
623	H-A448-P0
624	H-A449-P0
625	H-A450-P0
626	H-A451-P0
627	H-A452-P0
628	H-A453-P0
629	H-A454-P0
630	H-A455-P0
631	H-A456-P0
632	H-A457-P0
633	H-A457-P1
634	H-A458-P0
635	H-A459-P0
636	H-A459-P1
637	H-A460-P0
638	H-A461-P0
639	H-A461-P1
640	H-A462-P0
641	H-A462-P1
642	H-A463-P0
643	H-A463-P1
644	H-A464-P0
645	H-A465-P0
646	H-A465-P1
647	H-A465-2-P0
648	H-A465-2-P1
649	H-A465-2-P2
650	H-A465-3-P0
651	H-A465-3-P1
652	H-A465-3-P2
653	H-A465-3-P3
654	H-A465-4-P0
655	H-A465-5-P0
656	H-A466-P0
657	H-A466-P1
658	H-A467-P0
659	H-A467-P1
660	H-A468-P0
661	H-A468-P1
662	H-A469-P0
663	H-A470-P0
664	H-A471-P0
665	H-A472-P0
666	H-A473-P0
667	H-A474-P0
668	H-A474-P1
669	H-A475-P0
670	H-A476-P0
671	H-A477-P0
672	H-A478-P0
673	H-A479-P0
674	H-A480-P0
675	H-A481-P0
676	H-A481-P1
677	H-A482-P0
678	H-A483-P0
679	H-A484-P0
680	H-A485-P0
681	H-A486-P0
682	H-A487-P0
683	H-A488-P0
684	H-A488-P1
685	H-A488-P2
686	H-A489-P0
687	H-A490-P0
688	H-A491-P0
689	H-A491-P1
690	H-A492-P0
691	H-A493-P0
692	H-A494-P0
693	H-A495-P0
694	H-A495-P1
695	H-A495-P2
696	H-A496-P0
697	H-A496-P1
698	H-A497-P0
699	H-A498-P0
700	H-A499-P0
701	H-A499-P1
702	H-A5-P0
703	H-A5-P1
704	H-A5-P2
705	H-A500-P0
706	H-A501-P0
707	H-A502-P0
708	H-A502-P1
709	H-A503-P0
710	H-A503-P1
711	H-A504-P0
712	H-A505-P0
713	H-A505-P1
714	H-A506-P0
715	H-A506-P1
716	H-A507-P0
717	H-A508-P0
718	H-A509-P0
719	H-A510-P0
720	H-A511-P0
721	H-A512-P0
722	H-A513-P0
723	H-A513-P1
724	H-A514-P0
725	H-A515-P0
726	H-A516-P0
727	H-A517-P0
728	H-A518-P0
729	H-A519-P0
730	H-A520-P0
731	H-A521-P0
732	H-A521-P1
733	H-A522-P0
734	H-A522-P1
735	H-A523-P0
736	H-A524-P0
737	H-A525-P0
738	H-A526-P0
739	H-A526-P1
740	H-A527-P0
741	H-A527-P1
742	H-A528-P0
743	H-A529-P0
744	H-A530-P0
745	H-A530-P1
746	H-A530-P2
747	H-A531-P0
748	H-A531-P1
749	H-A531-P2
750	H-A532-P0
751	H-A532-P1
752	H-A532-P2
753	H-A532-P3
754	H-A533-P0
755	H-A534-P0
756	H-A534-P1
757	H-A535-P0
758	H-A535-P1
759	H-A535-P2
760	H-A536-P0
761	H-A536-P1
762	H-A537-P0
763	H-A537-P1
764	H-A538-P0
765	H-A539-P0
766	H-A540-P0
767	H-A540-P1
768	H-A541-P0
769	H-A542-P0
770	H-A543-P0
771	H-A544-P0
772	H-A544-P1
773	H-A545-P0
774	H-A545-P1
775	H-A545-P2
776	H-A546-P0
777	H-A547-P0
778	H-A548-P0
779	H-A548-P1
780	H-A549-P0
781	H-A550-P0
782	H-A551-P0
783	H-A551-P1
784	H-A552-P0
785	H-A553-P0
786	H-A554-P0
787	H-A555-P0
788	H-A556-P0
789	H-A556-P1
790	H-A557-P0
791	H-A557-P1
792	H-A558-P0
793	H-A559-P0
794	H-A560-P0
795	H-A561-P0
796	H-A562-P0
797	H-A562-P1
798	H-A563-P0
799	H-A563-P1
800	H-A563-P2
801	H-A564-P0
802	H-A565-P0
803	H-A566-P0
804	H-A566-P1
805	H-A566-P2
806	H-A567-P0
807	H-A567-P1
808	H-A567-P2
809	H-A568-P0
810	H-A568-P1
811	H-A568-P2
812	H-A569-P0
813	H-A569-P1
814	H-A570-P0
815	H-A571-P0
816	H-A572-P0
817	H-A573-P0
818	H-A574-P0
819	H-A575-P0
820	H-A575-P1
821	H-A576-P0
822	H-A577-P0
823	H-A577-P1
824	H-A578-P0
825	H-A579-P0
826	H-A580-P0
827	H-A580-P1
828	H-A580-P2
829	H-A581-P0
830	H-A581-P1
831	H-A582-P0
832	H-A583-P0
833	H-A583-P1
834	H-A584-P0
835	H-A585-P0
836	H-A585-P1
837	H-A586-P0
838	H-A586-P1
839	H-A587-P0
840	H-A588-P0
841	H-A589-P0
842	H-A590-P0
843	H-A590-P1
844	H-A591-P0
845	H-A591-P1
846	H-A592-P0
847	H-A593-P0
848	H-A594-P0
849	H-A594-P1
850	H-A594-P2
851	H-A595-P0
852	H-A595-P1
853	H-A596-P0
854	H-A597-P0
855	H-A597-P1
856	H-A597-P2
857	H-A598-P0
858	H-A599-P0
859	H-A6-P0
860	H-A6-P1
861	H-A600-P0
862	H-A601-P0
863	H-A602-P0
864	H-A603-P0
865	H-A604-P0
866	H-A604-P1
867	H-A605-P0
868	H-A606-P0
869	H-A606-P1
870	H-A607-P0
871	H-A608-P0
872	H-A608-P1
873	H-A609-P0
874	H-A610-P0
875	H-A611-P0
876	H-A611-P1
877	H-A612-P0
878	H-A612-P1
879	H-A613-P0
880	H-A613-P1
881	H-A614-P0
882	H-A615-P0
883	H-A616-P0
884	H-A617-P0
885	H-A617-P1
886	H-A618-P0
887	H-A619-P0
888	H-A619-P1
889	H-A620-P0
890	H-A621-P0
891	H-A622-P0
892	H-A623-P0
893	H-A624-P0
894	H-A624-P1
895	H-A625-P0
896	H-A625-P1
897	H-A625-P2
898	H-A626-P0
899	H-A626-P1
900	H-A627-P0
901	H-A627-P1
902	H-A627-P2
903	H-A628-P0
904	H-A629-P0
905	H-A629-P1
906	H-A630-P0
907	H-A631-P0
908	H-A632-P0
909	H-A633-P0
910	H-A634-P0
911	H-A634-P1
912	H-A635-P0
913	H-A636-P0
914	H-A637-P0
915	H-A637-P1
916	H-A638-P0
917	H-A638-P1
918	H-A639-P0
919	H-A640-P0
920	H-A641-P0
921	H-A642-P0
922	H-A642-P1
923	H-A643-P0
924	H-A644-P0
925	H-A645-P0
926	H-A646-P0
927	H-A646-P1
928	H-A647-P0
929	H-A648-P0
930	H-A648-P1
931	H-A648-P2
932	H-A649-P0
933	H-A650-P0
934	H-A650-P1
935	H-A650-P2
936	H-A651-P0
937	H-A651-P1
938	H-A652-P0
939	H-A653-P0
940	H-A654-P0
941	H-A655-P0
942	H-A656-P0
943	H-A657-P0
944	H-A658-P0
945	H-A658-P1
946	H-A659-P0
947	H-A660-P0
948	H-A661-P0
949	H-A662-P0
950	H-A663-P0
951	H-A663-P1
952	H-A664-P0
953	H-A665-P0
954	H-A666-P0
955	H-A666-P1
956	H-A667-P0
957	H-A667-P1
958	H-A668-P0
959	H-A669-P0
960	H-A670-P0
961	H-A670-P1
962	H-A670-P2
963	H-A671-P0
964	H-A672-P0
965	H-A672-P1
966	H-A673-P0
967	H-A674-P0
968	H-A674-P1
969	H-A675-P0
970	H-A676-P0
971	H-A676-P1
972	H-A677-P0
973	H-A678-P0
974	H-A678-P1
975	H-A679-P0
976	H-A680-P0
977	H-A681-P0
978	H-A681-P1
979	H-A681-P2
980	H-A682-P0
981	H-A683-P0
982	H-A684-P0
983	H-A685-P0
984	H-A685-P1
985	H-A686-P0
986	H-A687-P0
987	H-A688-P0
988	H-A688-P1
989	H-A688-P2
990	H-A689-P0
991	H-A690-P0
992	H-A691-P0
993	H-A691-P1
994	H-A692-P0
995	H-A693-P0
996	H-A693-P1
997	H-A694-P0
998	H-A695-P0
999	H-A696-P0
1000	H-A697-P0
1001	H-A697-P1
1002	H-A698-P0
1003	H-A699-P0
1004	H-A7-P0
1005	H-A700-P0
1006	H-A701-P0
1007	H-A702-P0
1008	H-A702-P1
1009	H-A702-P2
1010	H-A703-P0
1011	H-A704-P0
1012	H-A705-P0
1013	H-A706-P0
1014	H-A707-P0
1015	H-A707-P1
1016	H-A708-P0
1017	H-A709-P0
1018	H-A710-P0
1019	H-A711-P0
1020	H-A712-P0
1021	H-A713-P0
1022	H-A714-P0
1023	H-A714-P1
1024	H-A715-P0
1025	H-A715-P1
1026	H-A715-P2
1027	H-A716-P0
1028	H-A717-P0
1029	H-A717-P1
1030	H-A717-P2
1031	H-A718-P0
1032	H-A718-P1
1033	H-A719-P0
1034	H-A719-P1
1035	H-A720-P0
1036	H-A720-P1
1037	H-A721-P0
1038	H-A722-P0
1039	H-A722-P1
1040	H-A723-P0
1041	H-A724-P0
1042	H-A725-P0
1043	H-A726-P0
1044	H-A726-P1
1045	H-A727-P0
1046	H-A728-P0
1047	H-A728-P1
1048	H-A729-P0
1049	H-A730-P0
1050	H-A731-P0
1051	H-A732-P0
1052	H-A733-P0
1053	H-A733-P1
1054	H-A734-P0
1055	H-A734-P1
1056	H-A735-P0
1057	H-A736-P0
1058	H-A737-P0
1059	H-A737-P1
1060	H-A738-P0
1061	H-A739-P0
1062	H-A739-P1
1063	H-A740-P0
1064	H-A741-P0
1065	H-A742-P0
1066	H-A743-P0
1067	H-A744-P0
1068	H-A744-P1
1069	H-A745-P0
1070	H-A745-P1
1071	H-A746-P0
1072	H-A747-P0
1073	H-A747-P1
1074	H-A748-P0
1075	H-A748-P1
1076	H-A748-P2
1077	H-A749-P0
1078	H-A750-P0
1079	H-A751-P0
1080	H-A751-P1
1081	H-A752-P0
1082	H-A753-P0
1083	H-A754-P0
1084	H-A755-P0
1085	H-A756-P0
1086	H-A757-P0
1087	H-A758-P0
1088	H-A758-P1
1089	H-A758-P2
1090	H-A759-P0
1091	H-A760-P0
1092	H-A761-P0
1093	H-A762-P0
1094	H-A762-P1
1095	H-A763-P0
1096	H-A764-P0
1097	H-A765-P0
1098	H-A765-P1
1099	H-A766-P0
1100	H-A766-P1
1101	H-A766-P2
1102	H-A766-P3
1103	H-A767-P0
1104	H-A767-P1
1105	H-A768-P0
1106	H-A768-P1
1107	H-A768-P2
1108	H-A769-P0
1109	H-A769-P1
1110	H-A770-P0
1111	H-A770-P1
1112	H-A771-P0
1113	H-A772-P0
1114	H-A772-P1
1115	H-A773-P0
1116	H-A774-P0
1117	H-A775-P0
1118	H-A776-P0
1119	H-A777-P0
1120	H-A778-P0
1121	H-A779-P0
1122	H-A780-P0
1123	H-A781-P0
1124	H-A781-P1
1125	H-A782-P0
1126	H-A783-P0
1127	H-A783-P1
1128	H-A784-P0
1129	H-A785-P0
1130	H-A786-P0
1131	H-A787-P0
1132	H-A788-P0
1133	H-A789-P0
1134	H-A789-P1
1135	H-A789-P2
1136	H-A790-P0
1137	H-A790-P1
1138	H-A791-P0
1139	H-A791-P1
1140	H-A791-P2
1141	H-A791-P3
1142	H-A792-P0
1143	H-A793-P0
1144	H-A794-P0
1145	H-A795-P0
1146	H-A796-P0
1147	H-A797-P0
1148	H-A797-P1
1149	H-A798-P0
1150	H-A799-P0
1151	H-A8-P0
1152	H-A800-P0
1153	H-A801-P0
1154	H-A802-P0
1155	H-A803-P0
1156	H-A804-P0
1157	H-A805-P0
1158	H-A806-P0
1159	H-A806-P1
1160	H-A806-P2
1161	H-A806-2-P0
1162	H-A806-2-P1
1163	H-A806-3-P0
1164	H-A806-3-P1
1165	H-A807-P0
1166	H-A808-P0
1167	H-A808-P1
1168	H-A809-P0
1169	H-A810-P0
1170	H-A811-P0
1171	H-A811-P1
1172	H-A811-P2
1173	H-A811-P3
1174	H-A811-P4
1175	H-A811-P5
1176	H-A811-2-P0
1177	H-A812-P0
1178	H-A813-P0
1179	H-A813-P1
1180	H-A814-P0
1181	H-A814-P1
1182	H-A815-P0
1183	H-A816-P0
1184	H-A816-P1
1185	H-A817-P0
1186	H-A817-10-P0
1187	H-A817-10-P1
1188	H-A817-11-P0
1189	H-A817-2-P0
1190	H-A817-2-P1
1191	H-A817-3-P0
1192	H-A817-3-P1
1193	H-A817-4-P0
1194	H-A817-5-P0
1195	H-A817-6-P0
1196	H-A817-7-P0
1197	H-A817-8-P0
1198	H-A817-8-P1
1199	H-A817-9-P0
1200	H-A818-P0
1201	H-A818-P1
1202	H-A818-P2
1203	H-A819-P0
1204	H-A819-P1
1205	H-A819-P2
1206	H-A819-P3
1207	H-A819-P4
1208	H-A819-P5
1209	H-A820-P0
1210	H-A821-P0
1211	H-A822-P0
1212	H-A823-P0
1213	H-A823-P1
1214	H-A824-P0
1215	H-A825-P0
1216	H-A826-P0
1217	H-A826-P1
1218	H-A827-P0
1219	H-A828-P0
1220	H-A829-P0
1221	H-A830-P0
1222	H-A830-P1
1223	H-A830-P2
1224	H-A830-P3
1225	H-A831-P0
1226	H-A832-P0
1227	H-A832-P1
1228	H-A833-P0
1229	H-A834-P0
1230	H-A834-2-P0
1231	H-A834-2-P1
1232	H-A835-P0
1233	H-A836-P0
1234	H-A837-P0
1235	H-A837-P1
1236	H-A838-P0
1237	H-A839-P0
1238	H-A839-P1
1239	H-A840-P0
1240	H-A840-P1
1241	H-A840-P2
1242	H-A841-P0
1243	H-A842-P0
1244	H-A843-P0
1245	H-A843-P1
1246	H-A843-P2
1247	H-A843-P3
1248	H-A844-P0
1249	H-A845-P0
1250	H-A846-P0
1251	H-A847-P0
1252	H-A848-P0
1253	H-A849-P0
1254	H-A85-P0
1255	H-A850-P0
1256	H-A851-P0
1257	H-A852-P0
1258	H-A853-P0
1259	H-A853-P1
1260	H-A854-P0
1261	H-A855-P0
1262	H-A855-P1
1263	H-A856-P0
1264	H-A857-P0
1265	H-A857-2-P0
1266	H-A857-2-P1
1267	H-A857-2-P2
1268	H-A857-2-P3
1269	H-A857-2-P4
1270	H-A858-P0
1271	H-A859-P0
1272	H-A859-P1
1273	H-A859-2-P0
1274	H-A859-2-P1
1275	H-A859-2-P2
1276	H-A859-3-P0
1277	H-A86-P0
1278	H-A86-P1
1279	H-A86-P2
1280	H-A860-P0
1281	H-A861-P0
1282	H-A861-P1
1283	H-A862-P0
1284	H-A863-P0
1285	H-A863-P1
1286	H-A864-P0
1287	H-A865-P0
1288	H-A865-P1
1289	H-A866-P0
1290	H-A866-P1
1291	H-A867-P0
1292	H-A867-P1
1293	H-A868-P0
1294	H-A869-P0
1295	H-A87-P0
1296	H-A87-P1
1297	H-A870-P0
1298	H-A871-P0
1299	H-A872-P0
1300	H-A872-P1
1301	H-A873-P0
1302	H-A873-P1
1303	H-A874-P0
1304	H-A875-P0
1305	H-A875-P1
1306	H-A876-P0
1307	H-A876-10-P0
1308	H-A876-10-P1
1309	H-A876-2-P0
1310	H-A876-2-P1
1311	H-A876-2-P2
1312	H-A876-3-P0
1313	H-A876-3-P1
1314	H-A876-4-P0
1315	H-A876-4-P1
1316	H-A876-4-P2
1317	H-A876-5-P0
1318	H-A876-5-P1
1319	H-A876-5-P2
1320	H-A876-6-P0
1321	H-A876-7-P0
1322	H-A876-7-P1
1323	H-A876-7-P2
1324	H-A876-8-P0
1325	H-A876-8-P1
1326	H-A876-9-P0
1327	H-A876-9-P1
1328	H-A877-P0
1329	H-A877-P1
1330	H-A877-P2
1331	H-A878-P0
1332	H-A879-P0
1333	H-A88-P0
1334	H-A88-P1
1335	H-A880-P0
1336	H-A881-P0
1337	H-A882-P0
1338	H-A883-P0
1339	H-A884-P0
1340	H-A885-P0
1341	H-A885-P1
1342	H-A886-P0
1343	H-A886-P1
1344	H-A887-P0
1345	H-A887-P1
1346	H-A887-P2
1347	H-A888-P0
1348	H-A889-P0
1349	H-A889-P1
1350	H-A89-P0
1351	H-A89-P1
1352	H-A890-P0
1353	H-A891-P0
1354	H-A892-P0
1355	H-A893-P0
1356	H-A894-P0
1357	H-A894-P1
1358	H-A895-P0
1359	H-A895-P1
1360	H-A896-P0
1361	H-A897-P0
1362	H-A897-P1
1363	H-A898-P0
1364	H-A899-P0
1365	H-A9-P0
1366	H-A90-P0
1367	H-A900-P0
1368	H-A901-P0
1369	H-A901-P1
1370	H-A902-P0
1371	H-A902-P1
1372	H-A903-P0
1373	H-A903-P1
1374	H-A903-P2
1375	H-A904-P0
1376	H-A904-2-P0
1377	H-A904-2-P1
1378	H-A904-2-P2
1379	H-A904-2-P3
1380	H-A905-P0
1381	H-A905-P1
1382	H-A906-P0
1383	H-A907-P0
1384	H-A907-P1
1385	H-A907-P2
1386	H-A908-P0
1387	H-A909-P0
1388	H-A91-P0
1389	H-A910-P0
1390	H-A911-P0
1391	H-A912-P0
1392	H-A912-P1
1393	H-A913-P0
1394	H-A914-P0
1395	H-A915-P0
1396	H-A915-P1
1397	H-A916-P0
1398	H-A917-P0
1399	H-A918-P0
1400	H-A918-P1
1401	H-A918-P2
1402	H-A919-P0
1403	H-A919-P1
1404	H-A919-P2
1405	H-A919-P3
1406	H-A92-P0
1407	H-A920-P0
1408	H-A921-P0
1409	H-A922-P0
1410	H-A923-P0
1411	H-A924-P0
1412	H-A925-P0
1413	H-A926-P0
1414	H-A926-P1
1415	H-A927-P0
1416	H-A927-P1
1417	H-A927-P2
1418	H-A927-P3
1419	H-A928-P0
1420	H-A929-P0
1421	H-A93-P0
1422	H-A930-P0
1423	H-A930-P1
1424	H-A931-P0
1425	H-A932-P0
1426	H-A933-P0
1427	H-A934-P0
1428	H-A934-P1
1429	H-A934-P2
1430	H-A935-P0
1431	H-A936-P0
1432	H-A936-P1
1433	H-A936-P2
1434	H-A937-P0
1435	H-A938-P0
1436	H-A939-P0
1437	H-A94-P0
1438	H-A94-P1
1439	H-A940-P0
1440	H-A940-P1
1441	H-A941-P0
1442	H-A941-P1
1443	H-A941-P2
1444	H-A942-P0
1445	H-A943-P0
1446	H-A943-P1
1447	H-A944-P0
1448	H-A944-P1
1449	H-A945-P0
1450	H-A946-P0
1451	H-A947-P0
1452	H-A947-P1
1453	H-A947-P2
1454	H-A948-P0
1455	H-A949-P0
1456	H-A95-P0
1457	H-A950-P0
1458	H-A950-P1
1459	H-A951-P0
1460	H-A952-P0
1461	H-A952-P1
1462	H-A953-P0
1463	H-A954-P0
1464	H-A955-P0
1465	H-A956-P0
1466	H-A956-P1
1467	H-A957-P0
1468	H-A957-P1
1469	H-A958-P0
1470	H-A958-2-P0
1471	H-A958-3-P0
1472	H-A958-3-P1
1473	H-A959-P0
1474	H-A96-P0
1475	H-A96-P1
1476	H-A96-P2
1477	H-A960-P0
1478	H-A961-P0
1479	H-A962-P0
1480	H-A963-P0
1481	H-A964-P0
1482	H-A965-P0
1483	H-A966-P0
1484	H-A966-P1
1485	H-A967-P0
1486	H-A968-P0
1487	H-A968-P1
1488	H-A969-P0
1489	H-A969-2-P0
1490	H-A969-2-P1
1491	H-A969-2-P2
1492	H-A97-P0
1493	H-A97-P1
1494	H-A970-P0
1495	H-A970-P1
1496	H-A971-P0
1497	H-A972-P0
1498	H-A972-P1
1499	H-A972-P2
1500	H-A973-P0
1501	H-A973-P1
1502	H-A974-P0
1503	H-A975-P0
1504	H-A976-P0
1505	H-A976-P1
1506	H-A976-P2
1507	H-A976-P3
1508	H-A976-P4
1509	H-A977-P0
1510	H-A978-P0
1511	H-A979-P0
1512	H-A979-P1
1513	H-A979-P2
1514	H-A979-P3
1515	H-A98-P0
1516	H-A98-P1
1517	H-A98-P2
1518	H-A98-P3
1519	H-A98-P4
1520	H-A98-2-P0
1521	H-A980-P0
1522	H-A981-P0
1523	H-A982-P0
1524	H-A983-P0
1525	H-A984-P0
1526	H-A985-P0
1527	H-A985-P1
1528	H-A986-P0
1529	H-A986-P1
1530	H-A987-P0
1531	H-A988-P0
1532	H-A989-P0
1533	H-A989-P1
1534	H-A99-P0
1535	H-A99-P1
1536	H-A990-P0
1537	H-A991-P0
1538	H-A992-P0
1539	H-A993-P0
1540	H-A993-P1
1541	H-A994-P0
1542	H-A994-P1
1543	H-A995-P0
1544	H-A996-P0
1545	H-A997-P0
1546	H-A997-P1
1547	H-A998-P0
1548	H-A998-P1
1549	H-A999-P0
