0	H21-24-I
1	H26-22-1
2	H22-28-3
3	H20-19-U
4	H22-26-E
5	H20-26-1
6	H21-25-3
7	H24-24-U
8	H26-27-C
9	H23-1-3
10	H24-27-I
11	H22-28-1
12	H26-22-3
13	H20-22-1
14	H26-23-G
15	H26-23-A
16	H27-28-U
17	H27-23-A
18	H25-29-U
19	H18-28-2
20	H27-23-U
21	H20-28-A
22	H22-22-2
23	H20-19-O
24	H23-17-1
25	H26-27-A
26	H24-7-E
27	H20-18-E
28	H19-30-5
29	H26-20-2
30	H19-15-I
31	H22-5-I
32	H27-26-I
33	H27-35-E
34	H20-27-E
35	H26-37-G
36	H24-23-3
37	H22-27-4
38	H27-20-E
39	H27-28-I
40	H24-28-1
41	H26-16-E
42	H25-21-O
43	H26-16-C
44	H26-37-C
45	H24-8-5
46	H27-21-O
47	H20-27-A
48	H27-22-3
49	H20-28-O
50	H24-27-A
51	H19-26-O
52	H21-3-2
53	H22-26-U
54	H26-18-2
55	H23-25-U
56	H22-14-I
57	H19-30-1
58	H27-22-1
59	H27-36-U
60	H21-20-2
61	H26-24-A
62	H24-20-O
63	H19-30-3
64	H20-19-I
65	H23-25-O
66	H20-19-E
67	H25-28-A
68	H24-28-3
69	H24-7-O
70	H18-3-2
71	H24-25-5
72	H25-27-4
73	H27-22-4
74	H26-25-2
75	H27-20-A
76	H18-29-4
77	H25-29-O
78	H22-14-A
79	H21-21-1
80	H26-36-A
81	H26-16-A
82	H22-17-4
83	H22-27-1
84	H20-23-5
85	H22-27-5
86	H20-18-A
87	H20-28-I
88	H25-29-A
89	H26-20-5
90	H21-19-I
91	H18-27-U
92	H25-22-3
93	H24-25-1
94	H27-23-I
95	H25-26-1
96	H26-18-1
97	H20-27-I
98	H23-11-E
99	H24-22-1
100	H23-11-O
101	H21-5-3
102	H27-24-2
103	H26-29-2
104	H21-9-3
105	H18-3-4
106	H25-30-4
107	H24-20-E
108	H22-23-E
109	H22-26-A
110	H26-27-E
111	H19-26-I
112	H27-6-2
113	H18-2-5
114	H23-23-A
115	H25-24-I
116	H24-9-4
117	H21-21-5
118	H18-1-1
119	H21-21-4
120	H24-28-5
121	H21-19-U
122	H26-27-I
123	H18-23-I
124	H27-19-U
125	H25-29-I
126	H24-28-4
127	H23-5-3
128	H24-27-E
129	H27-26-A
130	H27-15-I
131	H24-22-4
132	H27-24-1
133	H26-24-E
134	H25-6-E
135	H21-26-U
136	H21-19-E
137	H25-15-4
138	H26-16-I
139	H22-14-E
140	H24-30-3
141	H26-19-G
142	H18-23-U
143	H20-27-U
144	H22-19-O
145	H25-21-E
146	H22-21-2
147	H25-3-3
148	H18-2-4
149	H20-15-I
150	H27-36-O
151	H26-19-E
152	H25-21-U
153	H18-21-2
154	H19-17-1
155	H18-28-3
156	H20-24-5
157	H24-30-1
158	H26-22-2
159	H20-26-3
160	H21-20-4
161	H22-25-3
162	H26-20-3
163	H26-11-G
164	H21-21-3
165	H25-26-5
166	H21-19-A
167	H26-23-E
168	H24-19-1
169	H27-26-U
170	H25-29-E
171	H21-26-A
172	H23-13-E
173	H24-28-2
174	H27-27-E
175	H25-30-3
176	H27-28-A
177	H26-19-C
178	H19-20-I
179	H27-25-O
180	H25-24-E
181	H24-23-1
182	H22-28-4
183	H26-24-G
184	H25-24-A
185	H26-25-4
186	H18-29-5
187	H27-23-E
188	H24-29-3
189	H23-12-A
190	H25-22-2
191	H26-24-I
192	H26-17-C
193	H26-25-3
194	H23-19-5
195	H18-28-4
196	H27-27-A
197	H20-19-A
198	H22-26-I
199	H22-18-I
200	H21-24-O
201	H27-23-O
202	H23-2-A
203	H24-20-A
204	H25-22-1
205	H22-28-2
206	H27-27-O
207	H25-26-4
208	H26-34-I
209	H21-24-A
210	H27-19-I
211	H21-22-5
212	H22-23-O
213	H24-29-1
214	H18-1-2
215	H27-21-E
216	H20-27-O
217	H24-27-O
218	H24-20-I
219	H23-2-E
220	H27-24-4
221	H22-4-I
222	H-A399-P0
223	H-A400-P0
224	H-A401-P0
225	H-A401-P1
226	H-A402-P0
227	H-A402-P1
228	H-A402-P2
229	H-A403-P0
230	H-A404-P0
231	H-A405-P0
232	H-A406-P0
233	H-A407-P0
234	H-A407-P1
235	H-A408-P0
236	H-A409-P0
237	H-A409-P1
238	H-A410-P0
239	H-A410-P1
240	H-A411-P0
241	H-A412-P0
242	H-A412-P1
243	H-A412-P2
244	H-A413-P0
245	H-A414-P0
246	H-A414-P1
247	H-A414-P2
248	H-A414-P3
249	H-A415-P0
250	H-A416-P0
251	H-A416-P1
252	H-A417-P0
253	H-A418-P0
254	H-A419-P0
255	H-A419-P1
256	H-A419-P2
257	H-A420-P0
258	H-A420-P1
259	H-A420-P2
260	H-A421-P0
261	H-A422-P0
262	H-A423-P0
263	H-A423-P1
264	H-A424-P0
265	H-A424-P1
266	H-A425-P0
267	H-A426-P0
268	H-A427-P0
269	H-A428-P0
270	H-A429-P0
271	H-A429-P1
272	H-A430-P0
273	H-A431-P0
274	H-A432-P0
275	H-A433-P0
276	H-A434-P0
277	H-A435-P0
278	H-A436-P0
279	H-A436-P1
280	H-A437-P0
281	H-A438-P0
282	H-A439-P0
283	H-A440-P0
284	H-A441-P0
285	H-A442-P0
286	H-A442-P1
287	H-A443-P0
288	H-A443-P1
289	H-A444-P0
290	H-A445-P0
291	H-A446-P0
292	H-A446-P1
293	H-A446-P2
294	H-A447-P0
295	H-A447-P1
296	H-A448-P0
297	H-A449-P0
298	H-A450-P0
299	H-A451-P0
300	H-A452-P0
301	H-A453-P0
302	H-A454-P0
303	H-A455-P0
304	H-A456-P0
305	H-A457-P0
306	H-A457-P1
307	H-A458-P0
308	H-A459-P0
309	H-A459-P1
310	H-A460-P0
311	H-A461-P0
312	H-A461-P1
313	H-A462-P0
314	H-A462-P1
315	H-A463-P0
316	H-A463-P1
317	H-A464-P0
318	H-A465-P0
319	H-A465-P1
320	H-A465-2-P0
321	H-A465-2-P1
322	H-A465-2-P2
323	H-A465-3-P0
324	H-A465-3-P1
325	H-A465-3-P2
326	H-A465-3-P3
327	H-A465-4-P0
328	H-A465-5-P0
329	H-A466-P0
330	H-A466-P1
331	H-A467-P0
332	H-A467-P1
333	H-A468-P0
334	H-A468-P1
335	H-A469-P0
336	H-A470-P0
337	H-A471-P0
338	H-A472-P0
339	H-A473-P0
340	H-A474-P0
341	H-A474-P1
342	H-A475-P0
343	H-A476-P0
344	H-A477-P0
345	H-A478-P0
346	H-A479-P0
347	H-A480-P0
348	H-A481-P0
349	H-A481-P1
350	H-A482-P0
351	H-A483-P0
352	H-A484-P0
353	H-A485-P0
354	H-A486-P0
355	H-A487-P0
356	H-A488-P0
357	H-A488-P1
358	H-A488-P2
359	H-A489-P0
360	H-A490-P0
361	H-A491-P0
362	H-A491-P1
363	H-A492-P0
364	H-A493-P0
365	H-A494-P0
366	H-A495-P0
367	H-A495-P1
368	H-A495-P2
369	H-A496-P0
370	H-A496-P1
371	H-A497-P0
372	H-A498-P0
373	H-A499-P0
374	H-A499-P1
375	H-A500-P0
376	H-A501-P0
377	H-A502-P0
378	H-A502-P1
379	H-A503-P0
380	H-A503-P1
381	H-A504-P0
382	H-A505-P0
383	H-A505-P1
384	H-A506-P0
385	H-A506-P1
386	H-A507-P0
387	H-A508-P0
388	H-A509-P0
389	H-A510-P0
390	H-A511-P0
391	H-A512-P0
392	H-A513-P0
393	H-A513-P1
394	H-A514-P0
395	H-A515-P0
396	H-A516-P0
397	H-A517-P0
398	H-A518-P0
399	H-A519-P0
400	H-A520-P0
401	H-A521-P0
402	H-A521-P1
403	H-A522-P0
404	H-A522-P1
405	H-A523-P0
406	H-A524-P0
407	H-A525-P0
408	H-A526-P0
409	H-A526-P1
410	H-A527-P0
411	H-A527-P1
412	H-A528-P0
413	H-A529-P0
414	H-A530-P0
415	H-A530-P1
416	H-A530-P2
417	H-A531-P0
418	H-A531-P1
419	H-A531-P2
420	H-A532-P0
421	H-A532-P1
422	H-A532-P2
423	H-A532-P3
424	H-A533-P0
425	H-A534-P0
426	H-A534-P1
427	H-A535-P0
428	H-A535-P1
429	H-A535-P2
430	H-A536-P0
431	H-A536-P1
432	H-A537-P0
433	H-A537-P1
434	H-A538-P0
435	H-A539-P0
436	H-A540-P0
437	H-A540-P1
438	H-A541-P0
439	H-A542-P0
440	H-A543-P0
441	H-A544-P0
442	H-A544-P1
443	H-A545-P0
444	H-A545-P1
445	H-A545-P2
446	H-A546-P0
447	H-A547-P0
448	H-A548-P0
449	H-A548-P1
450	H-A549-P0
451	H-A550-P0
452	H-A551-P0
453	H-A551-P1
454	H-A552-P0
455	H-A553-P0
456	H-A554-P0
457	H-A555-P0
458	H-A556-P0
459	H-A556-P1
460	H-A557-P0
461	H-A557-P1
462	H-A558-P0
463	H-A559-P0
464	H-A560-P0
465	H-A561-P0
466	H-A562-P0
467	H-A562-P1
468	H-A563-P0
469	H-A563-P1
470	H-A563-P2
471	H-A564-P0
472	H-A565-P0
473	H-A566-P0
474	H-A566-P1
475	H-A566-P2
476	H-A567-P0
477	H-A567-P1
478	H-A567-P2
479	H-A568-P0
480	H-A568-P1
481	H-A568-P2
482	H-A569-P0
483	H-A569-P1
484	H-A570-P0
485	H-A571-P0
486	H-A572-P0
487	H-A573-P0
488	H-A574-P0
489	H-A575-P0
490	H-A575-P1
491	H-A576-P0
492	H-A577-P0
493	H-A577-P1
494	H-A578-P0
495	H-A579-P0
496	H-A580-P0
497	H-A580-P1
498	H-A580-P2
499	H-A581-P0
500	H-A581-P1
501	H-A582-P0
502	H-A583-P0
503	H-A583-P1
504	H-A584-P0
505	H-A585-P0
506	H-A585-P1
507	H-A586-P0
508	H-A586-P1
509	H-A587-P0
510	H-A588-P0
511	H-A589-P0
512	H-A590-P0
513	H-A590-P1
514	H-A591-P0
515	H-A591-P1
516	H-A592-P0
517	H-A593-P0
518	H-A594-P0
519	H-A594-P1
520	H-A594-P2
521	H-A595-P0
522	H-A595-P1
523	H-A596-P0
524	H-A597-P0
525	H-A597-P1
526	H-A597-P2
527	H-A598-P0
528	H-A599-P0
529	H-A600-P0
530	H-A601-P0
531	H-A602-P0
532	H-A603-P0
533	H-A604-P0
534	H-A604-P1
535	H-A605-P0
536	H-A606-P0
537	H-A606-P1
538	H-A607-P0
539	H-A608-P0
540	H-A608-P1
541	H-A609-P0
542	H-A610-P0
543	H-A611-P0
544	H-A611-P1
545	H-A612-P0
546	H-A612-P1
547	H-A613-P0
548	H-A613-P1
549	H-A614-P0
550	H-A615-P0
551	H-A616-P0
552	H-A617-P0
553	H-A617-P1
554	H-A618-P0
555	H-A619-P0
556	H-A619-P1
557	H-A620-P0
558	H-A621-P0
559	H-A622-P0
560	H-A623-P0
561	H-A624-P0
562	H-A624-P1
563	H-A625-P0
564	H-A625-P1
565	H-A625-P2
566	H-A626-P0
567	H-A626-P1
568	H-A627-P0
569	H-A627-P1
570	H-A627-P2
571	H-A628-P0
572	H-A629-P0
573	H-A629-P1
574	H-A630-P0
575	H-A631-P0
576	H-A632-P0
577	H-A633-P0
578	H-A634-P0
579	H-A634-P1
580	H-A635-P0
581	H-A636-P0
582	H-A637-P0
583	H-A637-P1
584	H-A638-P0
585	H-A638-P1
586	H-A639-P0
587	H-A640-P0
588	H-A641-P0
589	H-A642-P0
590	H-A642-P1
591	H-A643-P0
592	H-A644-P0
593	H-A645-P0
594	H-A646-P0
595	H-A646-P1
596	H-A647-P0
597	H-A648-P0
598	H-A648-P1
599	H-A648-P2
600	H-A649-P0
601	H-A650-P0
602	H-A650-P1
603	H-A650-P2
604	H-A651-P0
605	H-A651-P1
606	H-A652-P0
607	H-A653-P0
608	H-A654-P0
609	H-A655-P0
610	H-A656-P0
611	H-A657-P0
612	H-A658-P0
613	H-A658-P1
614	H-A659-P0
615	H-A660-P0
616	H-A661-P0
617	H-A662-P0
618	H-A663-P0
619	H-A663-P1
620	H-A664-P0
621	H-A665-P0
622	H-A666-P0
623	H-A666-P1
624	H-A667-P0
625	H-A667-P1
626	H-A668-P0
627	H-A669-P0
628	H-A670-P0
629	H-A670-P1
630	H-A670-P2
631	H-A671-P0
632	H-A672-P0
633	H-A672-P1
634	H-A673-P0
635	H-A674-P0
636	H-A674-P1
637	H-A675-P0
638	H-A676-P0
639	H-A676-P1
640	H-A677-P0
641	H-A678-P0
642	H-A678-P1
643	H-A679-P0
644	H-A680-P0
645	H-A681-P0
646	H-A681-P1
647	H-A681-P2
648	H-A682-P0
649	H-A683-P0
650	H-A684-P0
651	H-A685-P0
652	H-A685-P1
653	H-A686-P0
654	H-A687-P0
655	H-A688-P0
656	H-A688-P1
657	H-A688-P2
658	H-A689-P0
659	H-A690-P0
660	H-A691-P0
661	H-A691-P1
662	H-A692-P0
663	H-A693-P0
664	H-A693-P1
665	H-A694-P0
666	H-A695-P0
667	H-A696-P0
668	H-A697-P0
669	H-A697-P1
670	H-A698-P0
671	H-A699-P0
672	H-A700-P0
673	H-A701-P0
674	H-A702-P0
675	H-A702-P1
676	H-A702-P2
677	H-A703-P0
678	H-A704-P0
679	H-A705-P0
680	H-A706-P0
681	H-A707-P0
682	H-A707-P1
683	H-A708-P0
684	H-A709-P0
685	H-A710-P0
686	H-A711-P0
687	H-A712-P0
688	H-A713-P0
689	H-A714-P0
690	H-A714-P1
691	H-A715-P0
692	H-A715-P1
693	H-A715-P2
694	H-A716-P0
695	H-A717-P0
696	H-A717-P1
697	H-A717-P2
698	H-A718-P0
699	H-A718-P1
700	H-A719-P0
701	H-A719-P1
702	H-A720-P0
703	H-A720-P1
704	H-A721-P0
705	H-A722-P0
706	H-A722-P1
707	H-A723-P0
