0	H19-12-4
1	H21-12-1
2	H26-32-I
3	H24-11-1
4	H23-13-I
5	H21-10-2
6	H24-2-1
7	H19-5-3
8	H25-11-O
9	H20-15-O
10	H22-8-I
11	H27-12-O
12	H21-1-2
13	H19-6-O
14	H24-1-U
15	H24-4-E
16	H27-31-A
17	H21-13-E
18	H18-15-5
19	H19-6-A
20	H20-12-4
21	H25-14-A
22	H24-4-I
23	H24-6-A
24	H26-31-C
25	H26-30-1
26	H27-32-I
27	H27-12-E
28	H22-10-O
29	H19-7-2
30	H22-11-1
31	H25-16-4
32	H22-4-A
33	H26-36-I
34	H26-14-I
35	H24-10-1
36	H24-15-3
37	H26-33-A
38	H21-9-1
39	H26-30-3
40	H21-3-1
41	H26-37-A
42	H18-15-1
43	H26-30-2
44	H22-1-I
45	H24-16-1
46	H26-12-G
47	H26-10-3
48	H25-16-3
49	H22-3-A
50	H18-21-3
51	H27-35-I
52	H23-3-A
53	H26-12-C
54	H23-4-U
55	H21-13-O
56	H26-2-A
57	H26-2-G
58	H26-25-5
59	H19-16-2
60	H18-15-3
61	H24-6-I
62	H24-7-A
63	H27-11-I
64	H24-16-3
65	H27-11-E
66	H26-3-G
67	H21-25-2
68	H24-14-A
69	H27-3-I
70	H27-29-O
71	H26-12-E
72	H26-33-C
73	H26-37-E
74	H24-8-3
75	H27-36-A
76	H19-16-3
77	H25-8-1
78	H20-3-5
79	H23-2-O
80	H26-1-A
81	H23-10-4
82	H22-1-A
83	H26-11-E
84	H24-9-1
85	H27-11-O
86	H26-31-I
87	H20-6-5
88	H24-4-O
89	H27-3-U
90	H26-3-C
91	H24-12-5
92	H23-13-A
93	H26-14-E
94	H27-32-O
95	H18-9-2
96	H26-1-G
97	H27-35-O
98	H26-32-A
99	H21-7-5
100	H25-11-U
101	H21-3-5
102	H20-3-3
103	H20-30-I
104	H20-12-2
105	H26-36-C
106	H27-29-U
107	H25-3-4
108	H27-11-U
109	H18-25-E
110	H23-2-I
111	H22-3-E
112	H19-12-1
113	H25-13-3
114	H27-6-1
115	H21-8-O
116	H19-16-5
117	H24-5-3
118	H21-9-4
119	H27-5-E
120	H19-11-5
121	H20-15-A
122	H25-2-E
123	H21-13-A
124	H22-11-5
125	H25-8-5
126	H24-10-4
127	H24-16-2
128	H22-11-2
129	H23-11-I
130	H24-15-5
131	H24-22-3
132	H21-9-2
133	H25-2-O
134	H21-10-3
135	H25-11-A
136	H18-26-5
137	H26-14-G
138	H27-32-E
139	H23-9-3
140	H26-11-A
141	H23-1-2
142	H24-17-2
143	H26-31-G
144	H24-14-U
145	H26-13-A
146	H26-13-E
147	H27-31-I
148	H27-31-E
149	H24-5-1
150	H26-1-I
151	H20-3-2
152	H24-4-A
153	H22-5-O
154	H27-11-A
155	H24-12-1
156	H26-36-G
157	H18-20-1
158	H26-32-C
159	H25-2-I
160	H24-10-5
161	H19-10-O
162	H19-13-I
163	H26-36-E
164	H27-33-O
165	H19-13-O
166	H21-12-3
167	H20-12-5
168	H22-15-A
169	H21-5-4
170	H21-1-1
171	H26-12-A
172	H26-4-G
173	H23-10-1
174	H19-6-I
175	H20-2-A
176	H27-34-U
177	H24-15-1
178	H20-2-O
179	H25-13-1
180	H26-11-I
181	H25-8-3
182	H24-17-1
183	H26-31-A
184	H27-3-E
185	H25-11-E
186	H25-3-1
187	H19-16-1
188	H26-31-E
189	H25-4-U
190	H26-5-C
191	H25-14-I
192	H24-11-4
193	H19-1-5
194	H22-9-I
195	H18-32-5
196	H26-30-4
197	H19-10-I
198	H26-6-A
199	H20-26-5
200	H22-4-E
201	H26-10-1
202	H18-15-4
203	H20-3-4
204	H24-10-3
205	H24-2-2
206	H20-15-E
207	H24-12-3
208	H19-14-1
209	H26-10-2
210	H24-1-A
211	H23-1-4
212	H27-33-U
213	H27-31-O
214	H26-32-E
215	H19-1-3
216	H24-17-4
217	H18-26-1
218	H19-8-A
219	H20-6-2
220	H27-32-U
221	H21-1-4
222	H22-5-U
223	H22-9-O
224	H26-12-I
225	H18-20-2
226	H27-33-I
227	H21-12-2
228	H19-12-3
229	H23-5-1
230	H21-24-E
231	H26-13-I
232	H23-11-A
233	H27-35-A
234	H-A1-P0
235	H-A1-P1
236	H-A1-P2
237	H-A10-P0
238	H-A100-P0
239	H-A1000-P0
240	H-A1001-P0
241	H-A1001-P1
242	H-A1002-P0
243	H-A1002-P1
244	H-A1003-P0
245	H-A1004-P0
246	H-A1004-P1
247	H-A1004-P2
248	H-A1005-P0
249	H-A1006-P0
250	H-A1006-P1
251	H-A1006-P2
252	H-A1007-P0
253	H-A1008-P0
254	H-A1009-P0
255	H-A101-P0
256	H-A101-P1
257	H-A1010-P0
258	H-A1011-P0
259	H-A1011-P1
260	H-A1012-P0
261	H-A1012-P1
262	H-A1013-P0
263	H-A1014-P0
264	H-A1015-P0
265	H-A1016-P0
266	H-A1016-P1
267	H-A1017-P0
268	H-A1017-P1
269	H-A1018-P0
270	H-A1018-P1
271	H-A1019-P0
272	H-A1019-P1
273	H-A102-P0
274	H-A1020-P0
275	H-A1021-P0
276	H-A1022-P0
277	H-A1023-P0
278	H-A1023-P1
279	H-A1024-P0
280	H-A1025-P0
281	H-A1026-P0
282	H-A1027-P0
283	H-A1028-P0
284	H-A1029-P0
285	H-A1029-P1
286	H-A103-P0
287	H-A1030-P0
288	H-A1031-P0
289	H-A1032-P0
290	H-A1033-P0
291	H-A1034-P0
292	H-A1035-P0
293	H-A1036-P0
294	H-A1037-P0
295	H-A1038-P0
296	H-A1039-P0
297	H-A104-P0
298	H-A1040-P0
299	H-A1040-P1
300	H-A1041-P0
301	H-A1041-P1
302	H-A1042-P0
303	H-A1043-P0
304	H-A1043-P1
305	H-A1044-P0
306	H-A105-P0
307	H-A105-P1
308	H-A106-P0
309	H-A107-P0
310	H-A107-P1
311	H-A108-P0
312	H-A109-P0
313	H-A11-P0
314	H-A110-P0
315	H-A111-P0
316	H-A111-P1
317	H-A112-P0
318	H-A113-P0
319	H-A113-P1
320	H-A114-P0
321	H-A115-P0
322	H-A116-P0
323	H-A117-P0
324	H-A117-P1
325	H-A118-P0
326	H-A119-P0
327	H-A12-P0
328	H-A120-P0
329	H-A120-P1
330	H-A121-P0
331	H-A122-P0
332	H-A123-P0
333	H-A124-P0
334	H-A124-P1
335	H-A124-P2
336	H-A125-P0
337	H-A126-P0
338	H-A127-P0
339	H-A127-P1
340	H-A127-P2
341	H-A128-P0
342	H-A129-P0
343	H-A13-P0
344	H-A13-P1
345	H-A13-P2
346	H-A13-P3
347	H-A130-P0
348	H-A131-P0
349	H-A131-P1
350	H-A131-P2
351	H-A132-P0
352	H-A133-P0
353	H-A133-P1
354	H-A134-P0
355	H-A135-P0
356	H-A135-P1
357	H-A136-P0
358	H-A136-P1
359	H-A137-P0
360	H-A138-P0
361	H-A139-P0
362	H-A14-P0
363	H-A14-P1
364	H-A140-P0
365	H-A141-P0
366	H-A142-P0
367	H-A143-P0
368	H-A143-P1
369	H-A144-P0
370	H-A145-P0
371	H-A146-P0
372	H-A147-P0
373	H-A148-P0
374	H-A149-P0
375	H-A15-P0
376	H-A15-P1
377	H-A15-P2
378	H-A150-P0
379	H-A151-P0
380	H-A152-P0
381	H-A153-P0
382	H-A154-P0
383	H-A155-P0
384	H-A156-P0
385	H-A157-P0
386	H-A157-P1
387	H-A158-P0
388	H-A158-P1
389	H-A159-P0
390	H-A16-P0
391	H-A160-P0
392	H-A161-P0
393	H-A162-P0
394	H-A162-P1
395	H-A163-P0
396	H-A164-P0
397	H-A165-P0
398	H-A166-P0
399	H-A166-P1
400	H-A167-P0
401	H-A167-P1
402	H-A168-P0
403	H-A168-P1
404	H-A169-P0
405	H-A17-P0
406	H-A17-P1
407	H-A17-P2
408	H-A17-P3
409	H-A170-P0
410	H-A171-P0
411	H-A172-P0
412	H-A172-P1
413	H-A173-P0
414	H-A174-P0
415	H-A174-2-P0
416	H-A174-2-P1
417	H-A175-P0
418	H-A176-P0
419	H-A177-P0
420	H-A178-P0
421	H-A179-P0
422	H-A179-P1
423	H-A179-P2
424	H-A18-P0
425	H-A18-P1
426	H-A18-P2
427	H-A180-P0
428	H-A181-P0
429	H-A182-P0
430	H-A182-P1
431	H-A183-P0
432	H-A184-P0
433	H-A185-P0
434	H-A186-P0
435	H-A186-P1
436	H-A187-P0
437	H-A187-P1
438	H-A188-P0
439	H-A189-P0
440	H-A189-P1
441	H-A19-P0
442	H-A19-P1
443	H-A190-P0
444	H-A190-P1
445	H-A191-P0
446	H-A192-P0
447	H-A193-P0
448	H-A194-P0
449	H-A195-P0
450	H-A196-P0
451	H-A196-P1
452	H-A197-P0
453	H-A198-P0
454	H-A199-P0
455	H-A2-P0
456	H-A20-P0
457	H-A20-P1
458	H-A20-P2
459	H-A20-P3
460	H-A200-P0
461	H-A200-P1
462	H-A201-P0
463	H-A201-P1
464	H-A201-P2
465	H-A202-P0
466	H-A202-P1
467	H-A203-P0
468	H-A204-P0
469	H-A204-P1
470	H-A205-P0
471	H-A206-P0
472	H-A207-P0
473	H-A208-P0
474	H-A209-P0
475	H-A209-P1
476	H-A21-P0
477	H-A210-P0
478	H-A210-P1
479	H-A211-P0
480	H-A211-P1
481	H-A212-P0
482	H-A213-P0
483	H-A213-P1
484	H-A214-P0
485	H-A215-P0
486	H-A216-P0
487	H-A217-P0
488	H-A218-P0
489	H-A219-P0
490	H-A219-P1
491	H-A219-P2
492	H-A22-P0
493	H-A220-P0
494	H-A221-P0
495	H-A221-P1
496	H-A222-P0
497	H-A222-P1
498	H-A222-P2
499	H-A223-P0
500	H-A224-P0
501	H-A225-P0
502	H-A225-P1
503	H-A226-P0
504	H-A227-P0
505	H-A228-P0
506	H-A229-P0
507	H-A23-P0
508	H-A23-P1
509	H-A230-P0
510	H-A230-P1
511	H-A231-P0
512	H-A231-P1
513	H-A232-P0
514	H-A233-P0
515	H-A233-P1
516	H-A234-P0
517	H-A234-P1
518	H-A235-P0
519	H-A235-P1
520	H-A236-P0
521	H-A237-P0
522	H-A237-P1
523	H-A238-P0
524	H-A239-P0
525	H-A239-P1
526	H-A24-P0
527	H-A240-P0
528	H-A241-P0
529	H-A242-P0
530	H-A243-P0
531	H-A244-P0
532	H-A245-P0
533	H-A246-P0
534	H-A246-P1
535	H-A247-P0
536	H-A247-P1
537	H-A248-P0
538	H-A249-P0
539	H-A25-P0
540	H-A25-P1
541	H-A250-P0
542	H-A251-P0
543	H-A252-P0
544	H-A253-P0
545	H-A253-P1
546	H-A254-P0
547	H-A255-P0
548	H-A256-P0
549	H-A256-P1
550	H-A257-P0
551	H-A258-P0
552	H-A258-P1
553	H-A259-P0
554	H-A259-P1
555	H-A26-P0
556	H-A260-P0
557	H-A260-P1
558	H-A261-P0
559	H-A262-P0
560	H-A262-P1
561	H-A262-P2
562	H-A262-P3
563	H-A263-P0
564	H-A264-P0
565	H-A265-P0
566	H-A266-P0
567	H-A266-P1
568	H-A267-P0
569	H-A268-P0
570	H-A268-P1
571	H-A269-P0
572	H-A269-P1
573	H-A269-2-P0
574	H-A269-2-P1
575	H-A27-P0
576	H-A27-P1
577	H-A27-P2
578	H-A270-P0
579	H-A271-P0
580	H-A272-P0
581	H-A273-P0
582	H-A274-P0
583	H-A275-P0
584	H-A276-P0
585	H-A277-P0
586	H-A278-P0
587	H-A278-P1
588	H-A278-P2
589	H-A279-P0
590	H-A28-P0
591	H-A280-P0
592	H-A281-P0
593	H-A281-P1
594	H-A282-P0
595	H-A282-P1
596	H-A283-P0
597	H-A284-P0
598	H-A284-P1
599	H-A284-P2
600	H-A285-P0
601	H-A285-P1
602	H-A286-P0
603	H-A287-P0
604	H-A288-P0
605	H-A288-P1
606	H-A289-P0
607	H-A29-P0
608	H-A29-P1
609	H-A290-P0
610	H-A291-P0
611	H-A292-P0
612	H-A293-P0
613	H-A294-P0
614	H-A295-P0
615	H-A295-P1
616	H-A296-P0
617	H-A297-P0
618	H-A297-P1
619	H-A298-P0
620	H-A298-P1
621	H-A298-P2
622	H-A299-P0
623	H-A299-P1
624	H-A3-P0
625	H-A3-P1
626	H-A30-P0
627	H-A30-P1
628	H-A300-P0
629	H-A301-P0
630	H-A302-P0
631	H-A303-P0
632	H-A304-P0
633	H-A304-P1
634	H-A305-P0
635	H-A306-P0
636	H-A307-P0
637	H-A307-P1
638	H-A308-P0
639	H-A309-P0
640	H-A309-P1
641	H-A31-P0
642	H-A310-P0
643	H-A311-P0
644	H-A312-P0
645	H-A313-P0
646	H-A313-P1
647	H-A314-P0
648	H-A315-P0
649	H-A316-P0
650	H-A317-P0
651	H-A318-P0
652	H-A319-P0
653	H-A32-P0
654	H-A32-P1
655	H-A32-2-P0
656	H-A320-P0
657	H-A321-P0
658	H-A322-P0
659	H-A323-P0
660	H-A324-P0
661	H-A325-P0
662	H-A326-P0
663	H-A327-P0
664	H-A327-P1
665	H-A328-P0
666	H-A329-P0
667	H-A329-P1
668	H-A33-P0
669	H-A330-P0
670	H-A330-P1
671	H-A330-P2
672	H-A331-P0
673	H-A331-P1
674	H-A332-P0
675	H-A333-P0
676	H-A334-P0
677	H-A335-P0
678	H-A335-P1
679	H-A335-P2
680	H-A335-P3
681	H-A336-P0
682	H-A337-P0
683	H-A338-P0
684	H-A338-P1
685	H-A339-P0
686	H-A34-P0
687	H-A340-P0
688	H-A341-P0
689	H-A342-P0
690	H-A343-P0
691	H-A344-P0
692	H-A345-P0
693	H-A346-P0
694	H-A347-P0
695	H-A348-P0
696	H-A349-P0
697	H-A35-P0
698	H-A350-P0
699	H-A351-P0
700	H-A352-P0
701	H-A353-P0
702	H-A354-P0
703	H-A355-P0
704	H-A356-P0
705	H-A357-P0
706	H-A358-P0
707	H-A359-P0
708	H-A36-P0
709	H-A36-P1
710	H-A360-P0
711	H-A360-P1
712	H-A361-P0
713	H-A362-P0
714	H-A362-P1
715	H-A363-P0
716	H-A364-P0
717	H-A365-P0
718	H-A366-P0
719	H-A366-P1
720	H-A366-P2
721	H-A366-P3
722	H-A367-P0
723	H-A368-P0
724	H-A369-P0
725	H-A369-P1
726	H-A37-P0
727	H-A370-P0
728	H-A371-P0
729	H-A372-P0
730	H-A373-P0
731	H-A374-P0
732	H-A374-P1
733	H-A375-P0
734	H-A375-P1
735	H-A376-P0
736	H-A376-P1
737	H-A377-P0
738	H-A377-P1
739	H-A378-P0
740	H-A379-P0
741	H-A380-P0
742	H-A381-P0
743	H-A382-P0
744	H-A383-P0
745	H-A384-P0
746	H-A385-P0
747	H-A386-P0
748	H-A387-P0
749	H-A387-P1
750	H-A388-P0
751	H-A389-P0
752	H-A389-P1
753	H-A390-P0
754	H-A391-P0
755	H-A392-P0
756	H-A392-P1
757	H-A393-P0
758	H-A394-P0
759	H-A394-P1
760	H-A395-P0
761	H-A395-P1
762	H-A396-P0
763	H-A397-P0
764	H-A398-P0
765	H-A398-10-P0
766	H-A398-10-P1
767	H-A398-10-P2
768	H-A398-11-P0
769	H-A398-11-P1
770	H-A398-12-P0
771	H-A398-12-P1
772	H-A398-12-P2
773	H-A398-13-P0
774	H-A398-14-P0
775	H-A398-14-P1
776	H-A398-15-P0
777	H-A398-16-P0
778	H-A398-17-P0
779	H-A398-17-P1
780	H-A398-18-P0
781	H-A398-19-P0
782	H-A398-19-P1
783	H-A398-19-P2
784	H-A398-2-P0
785	H-A398-2-P1
786	H-A398-2-P2
787	H-A398-20-P0
788	H-A398-20-P1
789	H-A398-21-P0
790	H-A398-21-P1
791	H-A398-22-P0
792	H-A398-22-P1
793	H-A398-22-P2
794	H-A398-3-P0
795	H-A398-3-P1
796	H-A398-4-P0
797	H-A398-4-P1
798	H-A398-4-P2
799	H-A398-5-P0
800	H-A398-6-P0
801	H-A398-6-P1
802	H-A398-6-P2
803	H-A398-6-P3
804	H-A398-7-P0
805	H-A398-7-P1
806	H-A398-7-P2
807	H-A398-8-P0
808	H-A398-8-P1
809	H-A398-8-P2
810	H-A398-8-P3
811	H-A398-9-P0
812	H-A398-9-P1
813	H-A398-9-P2
814	H-A398-9-P3
815	H-A398-9-P4
816	H-A4-P0
817	H-A5-P0
818	H-A5-P1
819	H-A5-P2
820	H-A6-P0
821	H-A6-P1
822	H-A7-P0
823	H-A725-P0
824	H-A726-P0
825	H-A726-P1
826	H-A727-P0
827	H-A728-P0
828	H-A728-P1
829	H-A729-P0
830	H-A730-P0
831	H-A731-P0
832	H-A732-P0
833	H-A733-P0
834	H-A733-P1
835	H-A734-P0
836	H-A734-P1
837	H-A735-P0
838	H-A736-P0
839	H-A737-P0
840	H-A737-P1
841	H-A738-P0
842	H-A739-P0
843	H-A739-P1
844	H-A740-P0
845	H-A741-P0
846	H-A742-P0
847	H-A743-P0
848	H-A744-P0
849	H-A744-P1
850	H-A745-P0
851	H-A745-P1
852	H-A746-P0
853	H-A747-P0
854	H-A747-P1
855	H-A748-P0
856	H-A748-P1
857	H-A748-P2
858	H-A749-P0
859	H-A750-P0
860	H-A751-P0
861	H-A751-P1
862	H-A752-P0
863	H-A753-P0
864	H-A754-P0
865	H-A755-P0
866	H-A756-P0
867	H-A757-P0
868	H-A758-P0
869	H-A758-P1
870	H-A758-P2
871	H-A759-P0
872	H-A760-P0
873	H-A761-P0
874	H-A762-P0
875	H-A762-P1
876	H-A763-P0
877	H-A764-P0
878	H-A765-P0
879	H-A765-P1
880	H-A766-P0
881	H-A766-P1
882	H-A766-P2
883	H-A766-P3
884	H-A767-P0
885	H-A767-P1
886	H-A768-P0
887	H-A768-P1
888	H-A768-P2
889	H-A769-P0
890	H-A769-P1
891	H-A770-P0
892	H-A770-P1
893	H-A771-P0
894	H-A772-P0
895	H-A772-P1
896	H-A773-P0
897	H-A774-P0
898	H-A775-P0
899	H-A776-P0
900	H-A777-P0
901	H-A778-P0
902	H-A779-P0
903	H-A780-P0
904	H-A781-P0
905	H-A781-P1
906	H-A782-P0
907	H-A783-P0
908	H-A783-P1
909	H-A784-P0
910	H-A785-P0
911	H-A786-P0
912	H-A787-P0
913	H-A788-P0
914	H-A789-P0
915	H-A789-P1
916	H-A789-P2
917	H-A790-P0
918	H-A790-P1
919	H-A791-P0
920	H-A791-P1
921	H-A791-P2
922	H-A791-P3
923	H-A792-P0
924	H-A793-P0
925	H-A794-P0
926	H-A795-P0
927	H-A796-P0
928	H-A797-P0
929	H-A797-P1
930	H-A798-P0
931	H-A799-P0
932	H-A8-P0
933	H-A800-P0
934	H-A801-P0
935	H-A802-P0
936	H-A803-P0
937	H-A804-P0
938	H-A805-P0
939	H-A806-P0
940	H-A806-P1
941	H-A806-P2
942	H-A806-2-P0
943	H-A806-2-P1
944	H-A806-3-P0
945	H-A806-3-P1
946	H-A807-P0
947	H-A808-P0
948	H-A808-P1
949	H-A809-P0
950	H-A810-P0
951	H-A811-P0
952	H-A811-P1
953	H-A811-P2
954	H-A811-P3
955	H-A811-P4
956	H-A811-P5
957	H-A811-2-P0
958	H-A812-P0
959	H-A813-P0
960	H-A813-P1
961	H-A814-P0
962	H-A814-P1
963	H-A815-P0
964	H-A816-P0
965	H-A816-P1
966	H-A817-P0
967	H-A817-10-P0
968	H-A817-10-P1
969	H-A817-11-P0
970	H-A817-2-P0
971	H-A817-2-P1
972	H-A817-3-P0
973	H-A817-3-P1
974	H-A817-4-P0
975	H-A817-5-P0
976	H-A817-6-P0
977	H-A817-7-P0
978	H-A817-8-P0
979	H-A817-8-P1
980	H-A817-9-P0
981	H-A818-P0
982	H-A818-P1
983	H-A818-P2
984	H-A819-P0
985	H-A819-P1
986	H-A819-P2
987	H-A819-P3
988	H-A819-P4
989	H-A819-P5
990	H-A820-P0
991	H-A821-P0
992	H-A822-P0
993	H-A823-P0
994	H-A823-P1
995	H-A824-P0
996	H-A825-P0
997	H-A826-P0
998	H-A826-P1
999	H-A827-P0
1000	H-A828-P0
1001	H-A829-P0
1002	H-A830-P0
1003	H-A830-P1
1004	H-A830-P2
1005	H-A830-P3
1006	H-A831-P0
1007	H-A832-P0
1008	H-A832-P1
1009	H-A833-P0
1010	H-A834-P0
1011	H-A834-2-P0
1012	H-A834-2-P1
1013	H-A835-P0
1014	H-A836-P0
1015	H-A837-P0
1016	H-A837-P1
1017	H-A838-P0
1018	H-A839-P0
1019	H-A839-P1
1020	H-A840-P0
1021	H-A840-P1
1022	H-A840-P2
1023	H-A841-P0
1024	H-A842-P0
1025	H-A843-P0
1026	H-A843-P1
1027	H-A843-P2
1028	H-A843-P3
1029	H-A844-P0
1030	H-A845-P0
1031	H-A846-P0
1032	H-A847-P0
1033	H-A848-P0
1034	H-A849-P0
1035	H-A85-P0
1036	H-A850-P0
1037	H-A851-P0
1038	H-A852-P0
1039	H-A853-P0
1040	H-A853-P1
1041	H-A854-P0
1042	H-A855-P0
1043	H-A855-P1
1044	H-A856-P0
1045	H-A857-P0
1046	H-A857-2-P0
1047	H-A857-2-P1
1048	H-A857-2-P2
1049	H-A857-2-P3
1050	H-A857-2-P4
1051	H-A858-P0
1052	H-A859-P0
1053	H-A859-P1
1054	H-A859-2-P0
1055	H-A859-2-P1
1056	H-A859-2-P2
1057	H-A859-3-P0
1058	H-A86-P0
1059	H-A86-P1
1060	H-A86-P2
1061	H-A860-P0
1062	H-A861-P0
1063	H-A861-P1
1064	H-A862-P0
1065	H-A863-P0
1066	H-A863-P1
1067	H-A864-P0
1068	H-A865-P0
1069	H-A865-P1
1070	H-A866-P0
1071	H-A866-P1
1072	H-A867-P0
1073	H-A867-P1
1074	H-A868-P0
1075	H-A869-P0
1076	H-A87-P0
1077	H-A87-P1
1078	H-A870-P0
1079	H-A871-P0
1080	H-A872-P0
1081	H-A872-P1
1082	H-A873-P0
1083	H-A873-P1
1084	H-A874-P0
1085	H-A875-P0
1086	H-A875-P1
1087	H-A876-P0
1088	H-A876-10-P0
1089	H-A876-10-P1
1090	H-A876-2-P0
1091	H-A876-2-P1
1092	H-A876-2-P2
1093	H-A876-3-P0
1094	H-A876-3-P1
1095	H-A876-4-P0
1096	H-A876-4-P1
1097	H-A876-4-P2
1098	H-A876-5-P0
1099	H-A876-5-P1
1100	H-A876-5-P2
1101	H-A876-6-P0
1102	H-A876-7-P0
1103	H-A876-7-P1
1104	H-A876-7-P2
1105	H-A876-8-P0
1106	H-A876-8-P1
1107	H-A876-9-P0
1108	H-A876-9-P1
1109	H-A877-P0
1110	H-A877-P1
1111	H-A877-P2
1112	H-A878-P0
1113	H-A879-P0
1114	H-A88-P0
1115	H-A88-P1
1116	H-A880-P0
1117	H-A881-P0
1118	H-A882-P0
1119	H-A883-P0
1120	H-A884-P0
1121	H-A885-P0
1122	H-A885-P1
1123	H-A886-P0
1124	H-A886-P1
1125	H-A887-P0
1126	H-A887-P1
1127	H-A887-P2
1128	H-A888-P0
1129	H-A889-P0
1130	H-A889-P1
1131	H-A89-P0
1132	H-A89-P1
1133	H-A890-P0
1134	H-A891-P0
1135	H-A892-P0
1136	H-A893-P0
1137	H-A894-P0
1138	H-A894-P1
1139	H-A895-P0
1140	H-A895-P1
1141	H-A896-P0
1142	H-A897-P0
1143	H-A897-P1
1144	H-A898-P0
1145	H-A899-P0
1146	H-A9-P0
1147	H-A90-P0
1148	H-A900-P0
1149	H-A901-P0
1150	H-A901-P1
1151	H-A902-P0
1152	H-A902-P1
1153	H-A903-P0
1154	H-A903-P1
1155	H-A903-P2
1156	H-A904-P0
1157	H-A904-2-P0
1158	H-A904-2-P1
1159	H-A904-2-P2
1160	H-A904-2-P3
1161	H-A905-P0
1162	H-A905-P1
1163	H-A906-P0
1164	H-A907-P0
1165	H-A907-P1
1166	H-A907-P2
1167	H-A908-P0
1168	H-A909-P0
1169	H-A91-P0
1170	H-A910-P0
1171	H-A911-P0
1172	H-A912-P0
1173	H-A912-P1
1174	H-A913-P0
1175	H-A914-P0
1176	H-A915-P0
1177	H-A915-P1
1178	H-A916-P0
1179	H-A917-P0
1180	H-A918-P0
1181	H-A918-P1
1182	H-A918-P2
1183	H-A919-P0
1184	H-A919-P1
1185	H-A919-P2
1186	H-A919-P3
1187	H-A92-P0
1188	H-A920-P0
1189	H-A921-P0
1190	H-A922-P0
1191	H-A923-P0
1192	H-A924-P0
1193	H-A925-P0
1194	H-A926-P0
1195	H-A926-P1
1196	H-A927-P0
1197	H-A927-P1
1198	H-A927-P2
1199	H-A927-P3
1200	H-A928-P0
1201	H-A929-P0
1202	H-A93-P0
1203	H-A930-P0
1204	H-A930-P1
1205	H-A931-P0
1206	H-A932-P0
1207	H-A933-P0
1208	H-A934-P0
1209	H-A934-P1
1210	H-A934-P2
1211	H-A935-P0
1212	H-A936-P0
1213	H-A936-P1
1214	H-A936-P2
1215	H-A937-P0
1216	H-A938-P0
1217	H-A939-P0
1218	H-A94-P0
1219	H-A94-P1
1220	H-A940-P0
1221	H-A940-P1
1222	H-A941-P0
1223	H-A941-P1
1224	H-A941-P2
1225	H-A942-P0
1226	H-A943-P0
1227	H-A943-P1
1228	H-A944-P0
1229	H-A944-P1
1230	H-A945-P0
1231	H-A946-P0
1232	H-A947-P0
1233	H-A947-P1
1234	H-A947-P2
1235	H-A948-P0
1236	H-A949-P0
1237	H-A95-P0
1238	H-A950-P0
1239	H-A950-P1
1240	H-A951-P0
1241	H-A952-P0
1242	H-A952-P1
1243	H-A953-P0
1244	H-A954-P0
1245	H-A955-P0
1246	H-A956-P0
1247	H-A956-P1
1248	H-A957-P0
1249	H-A957-P1
1250	H-A958-P0
1251	H-A958-2-P0
1252	H-A958-3-P0
1253	H-A958-3-P1
1254	H-A959-P0
1255	H-A96-P0
1256	H-A96-P1
1257	H-A96-P2
1258	H-A960-P0
1259	H-A961-P0
1260	H-A962-P0
1261	H-A963-P0
1262	H-A964-P0
1263	H-A965-P0
1264	H-A966-P0
1265	H-A966-P1
1266	H-A967-P0
1267	H-A968-P0
1268	H-A968-P1
1269	H-A969-P0
1270	H-A969-2-P0
1271	H-A969-2-P1
1272	H-A969-2-P2
1273	H-A97-P0
1274	H-A97-P1
1275	H-A970-P0
1276	H-A970-P1
1277	H-A971-P0
1278	H-A972-P0
1279	H-A972-P1
1280	H-A972-P2
1281	H-A973-P0
1282	H-A973-P1
1283	H-A974-P0
1284	H-A975-P0
1285	H-A976-P0
1286	H-A976-P1
1287	H-A976-P2
1288	H-A976-P3
1289	H-A976-P4
1290	H-A977-P0
1291	H-A978-P0
1292	H-A979-P0
1293	H-A979-P1
1294	H-A979-P2
1295	H-A979-P3
1296	H-A98-P0
1297	H-A98-P1
1298	H-A98-P2
1299	H-A98-P3
1300	H-A98-P4
1301	H-A98-2-P0
1302	H-A980-P0
1303	H-A981-P0
1304	H-A982-P0
1305	H-A983-P0
1306	H-A984-P0
1307	H-A985-P0
1308	H-A985-P1
1309	H-A986-P0
1310	H-A986-P1
1311	H-A987-P0
1312	H-A988-P0
1313	H-A989-P0
1314	H-A989-P1
1315	H-A99-P0
1316	H-A99-P1
1317	H-A990-P0
1318	H-A991-P0
1319	H-A992-P0
1320	H-A993-P0
1321	H-A993-P1
1322	H-A994-P0
1323	H-A994-P1
1324	H-A995-P0
1325	H-A996-P0
1326	H-A997-P0
1327	H-A997-P1
1328	H-A998-P0
1329	H-A998-P1
1330	H-A999-P0
