0	H21-21-5
1	H24-8-3
2	H23-10-1
3	H24-11-4
4	H21-21-1
5	H25-3-3
6	H26-16-A
7	H24-7-E
8	H25-13-4
9	H27-24-3
10	H27-36-A
11	H21-3-4
12	H27-27-I
13	H24-27-O
14	H20-19-I
15	H26-36-A
16	H18-26-5
17	H24-16-2
18	H25-23-I
19	H23-10-2
20	H26-34-I
21	H27-36-E
22	H27-35-U
23	H25-23-U
24	H27-19-O
25	H27-26-U
26	H24-7-O
27	H27-31-U
28	H26-25-3
29	H26-12-G
30	H26-30-1
31	H25-22-1
32	H21-10-2
33	H22-23-E
34	H18-9-3
35	H25-27-2
36	H25-11-O
37	H21-24-I
38	H24-17-4
39	H21-12-3
40	H26-32-A
41	H21-19-I
42	H21-12-1
43	H24-29-3
44	H19-26-I
45	H26-23-G
46	H20-18-E
47	H21-15-3
48	H18-32-5
49	H18-15-5
50	H27-23-O
51	H20-30-O
52	H26-13-E
53	H20-12-5
54	H24-14-U
55	H27-34-U
56	H26-12-C
57	H23-25-E
58	H26-25-4
59	H21-19-E
60	H18-28-4
61	H22-4-I
62	H24-10-4
63	H19-16-2
64	H20-27-E
65	H24-10-3
66	H26-22-3
67	H27-27-E
68	H21-3-2
69	H26-10-3
70	H26-20-4
71	H25-24-O
72	H20-24-5
73	H23-25-U
74	H24-14-A
75	H26-31-I
76	H20-28-I
77	H26-19-C
78	H27-20-E
79	H19-16-5
80	H24-8-5
81	H18-29-4
82	H25-13-3
83	H22-28-2
84	H25-27-1
85	H22-17-4
86	H27-11-A
87	H22-19-O
88	H26-32-G
89	H26-16-I
90	H24-10-1
91	H26-27-C
92	H18-3-4
93	H21-7-5
94	H21-9-2
95	H19-26-U
96	H18-23-U
97	H25-11-A
98	H24-27-A
99	H26-25-2
100	H22-11-2
101	H20-27-O
102	H21-29-A
103	H25-26-1
104	H20-27-I
105	H25-29-O
106	H21-22-5
107	H20-12-4
108	H26-36-I
109	H18-15-3
110	H27-25-A
111	H19-16-3
112	H21-10-5
113	H27-32-I
114	H22-5-I
115	H23-2-E
116	H22-9-I
117	H18-1-1
118	H24-22-4
119	H26-12-I
120	H23-5-3
121	H27-24-4
122	H18-2-2
123	H22-14-I
124	H22-27-3
125	H19-30-5
126	H26-33-E
127	H26-1-A
128	H21-25-3
129	H24-16-3
130	H26-30-2
131	H23-25-O
132	H26-24-G
133	H24-27-E
134	H25-16-3
135	H26-31-A
136	H23-11-O
137	H23-29-2
138	H22-28-1
139	H27-11-U
140	H19-30-3
141	H19-12-3
142	H27-28-U
143	H26-20-3
144	H21-3-3
145	H22-26-A
146	H27-26-A
147	H21-12-2
148	H18-2-5
149	H21-21-3
150	H19-10-I
151	H27-21-E
152	H24-16-1
153	H26-22-1
154	H22-22-2
155	H19-13-E
156	H26-13-I
157	H27-33-U
158	H27-27-A
159	H22-27-1
160	H24-20-O
161	H21-10-3
162	H27-33-E
163	H20-18-A
164	H20-28-A
165	H23-19-1
166	H21-9-3
167	H24-28-5
168	H19-11-5
169	H21-9-4
170	H21-25-5
171	H27-22-1
172	H26-14-I
173	H24-12-2
174	H27-33-I
175	H19-13-U
176	H25-26-3
177	H22-21-4
178	H25-8-4
179	H25-14-I
180	H22-26-U
181	H23-10-4
182	H24-28-4
183	H23-11-I
184	H20-23-5
185	H24-22-1
186	H24-9-4
187	H20-26-1
188	H18-27-U
189	H25-22-3
190	H26-19-A
191	H27-36-I
192	H20-19-E
193	H22-27-4
194	H24-15-1
195	H21-25-2
196	H27-32-O
197	H19-20-I
198	H26-19-E
199	H24-23-3
200	H18-9-2
201	H19-30-1
202	H18-28-1
203	H21-13-I
204	H22-18-I
205	H27-12-E
206	H26-31-E
207	H26-32-E
208	H19-8-A
209	H25-22-4
210	H26-20-2
211	H27-36-U
212	H25-28-A
213	H26-10-2
214	H22-23-A
215	H22-11-5
216	H24-30-2
217	H27-21-O
218	H20-18-U
219	H20-28-E
220	H23-9-2
221	H25-13-2
222	H26-24-E
223	H23-11-A
224	H27-11-E
225	H22-11-1
226	H24-10-2
227	H25-8-5
228	H27-20-A
229	H20-26-2
230	H23-19-5
231	H20-19-A
232	H19-17-1
233	H25-21-O
234	H18-9-1
235	H20-27-A
236	H27-28-I
237	H27-23-A
238	H26-24-I
239	H26-20-5
240	H24-16-4
241	H25-26-4
242	H19-12-1
243	H23-25-I
244	H26-13-A
245	H18-15-2
246	H19-12-4
247	H25-14-E
248	H22-15-U
249	H26-14-E
250	H23-11-E
251	H26-23-A
252	H18-15-1
253	H24-27-I
254	H19-14-1
255	H25-8-1
256	H27-11-O
257	H27-35-E
258	H24-12-1
259	H25-26-2
260	H26-23-E
261	H21-26-O
262	H18-1-2
263	H27-23-U
264	H26-27-E
265	H22-26-I
266	H25-27-4
267	H27-22-4
268	H19-17-2
269	H22-28-4
270	H24-28-1
271	H25-26-5
272	H21-19-A
273	H24-30-1
274	H26-11-G
275	H27-12-O
276	H24-15-3
277	H27-28-A
278	H18-29-5
279	H22-28-3
280	H27-32-U
281	H20-28-O
282	H26-11-I
283	H25-16-4
284	H23-10-3
285	H21-25-4
286	H27-11-I
287	H26-10-1
288	H20-18-O
289	H25-13-5
290	H25-24-I
291	H21-24-A
292	H27-31-E
293	H20-15-I
294	H21-5-3
295	H24-28-3
296	H20-12-1
297	H25-11-E
298	H24-24-U
299	H27-27-O
300	H26-12-A
301	H25-29-A
302	H21-13-E
303	H20-26-5
304	H23-9-3
305	H25-11-U
306	H26-19-G
307	H27-32-E
308	H24-22-5
309	H24-10-5
310	H19-12-5
311	H24-22-3
312	H24-23-1
313	H24-29-1
314	H21-26-U
315	H22-19-A
316	H25-29-I
317	H21-9-1
318	H23-26-3
319	H21-8-A
320	H26-36-G
321	H24-17-1
322	H25-29-U
323	H20-22-1
324	H26-36-C
325	H20-28-U
326	H24-20-U
327	H26-27-I
328	H27-33-O
329	H21-21-4
330	H19-13-A
331	H22-26-E
332	H23-13-A
333	H26-24-A
334	H27-36-O
335	H26-37-G
336	H21-24-O
337	H25-24-E
338	H24-30-3
339	H25-30-4
340	H20-15-A
341	H26-36-E
342	H24-20-I
343	H27-31-I
344	H22-14-E
345	H27-19-U
346	H21-3-1
347	H26-30-4
348	H21-10-1
349	H24-16-5
350	H18-15-4
351	H24-17-2
352	H22-8-I
353	H27-31-O
354	H26-33-C
355	H25-21-E
356	H26-20-1
357	H25-29-E
358	H27-24-2
359	H21-19-U
360	H26-18-4
361	H19-15-I
362	H23-21-4
363	H27-31-A
364	H18-28-3
365	H24-17-3
366	H19-26-O
367	H18-2-3
368	H27-25-O
369	H25-24-A
370	H-A1000-P0
371	H-A1001-P0
372	H-A1001-P1
373	H-A1002-P0
374	H-A1002-P1
375	H-A1003-P0
376	H-A1004-P0
377	H-A1004-P1
378	H-A1004-P2
379	H-A1005-P0
380	H-A1006-P0
381	H-A1006-P1
382	H-A1006-P2
383	H-A1007-P0
384	H-A1008-P0
385	H-A1009-P0
386	H-A1010-P0
387	H-A1011-P0
388	H-A1011-P1
389	H-A1012-P0
390	H-A1012-P1
391	H-A1013-P0
392	H-A1014-P0
393	H-A1015-P0
394	H-A1016-P0
395	H-A1016-P1
396	H-A1017-P0
397	H-A1017-P1
398	H-A1018-P0
399	H-A1018-P1
400	H-A1019-P0
401	H-A1019-P1
402	H-A1020-P0
403	H-A1021-P0
404	H-A1022-P0
405	H-A1023-P0
406	H-A1023-P1
407	H-A1024-P0
408	H-A1025-P0
409	H-A1026-P0
410	H-A1027-P0
411	H-A1028-P0
412	H-A1029-P0
413	H-A1029-P1
414	H-A1030-P0
415	H-A1031-P0
416	H-A1032-P0
417	H-A1033-P0
418	H-A1034-P0
419	H-A1035-P0
420	H-A1036-P0
421	H-A1037-P0
422	H-A1038-P0
423	H-A1039-P0
424	H-A1040-P0
425	H-A1040-P1
426	H-A1041-P0
427	H-A1041-P1
428	H-A1042-P0
429	H-A1043-P0
430	H-A1043-P1
431	H-A1044-P0
432	H-A175-P0
433	H-A176-P0
434	H-A177-P0
435	H-A178-P0
436	H-A179-P0
437	H-A179-P1
438	H-A179-P2
439	H-A180-P0
440	H-A181-P0
441	H-A182-P0
442	H-A182-P1
443	H-A183-P0
444	H-A184-P0
445	H-A185-P0
446	H-A186-P0
447	H-A186-P1
448	H-A187-P0
449	H-A187-P1
450	H-A188-P0
451	H-A189-P0
452	H-A189-P1
453	H-A190-P0
454	H-A190-P1
455	H-A191-P0
456	H-A192-P0
457	H-A193-P0
458	H-A194-P0
459	H-A195-P0
460	H-A196-P0
461	H-A196-P1
462	H-A197-P0
463	H-A198-P0
464	H-A199-P0
465	H-A200-P0
466	H-A200-P1
467	H-A201-P0
468	H-A201-P1
469	H-A201-P2
470	H-A202-P0
471	H-A202-P1
472	H-A203-P0
473	H-A204-P0
474	H-A204-P1
475	H-A205-P0
476	H-A206-P0
477	H-A207-P0
478	H-A208-P0
479	H-A209-P0
480	H-A209-P1
481	H-A210-P0
482	H-A210-P1
483	H-A211-P0
484	H-A211-P1
485	H-A212-P0
486	H-A213-P0
487	H-A213-P1
488	H-A214-P0
489	H-A215-P0
490	H-A216-P0
491	H-A217-P0
492	H-A218-P0
493	H-A219-P0
494	H-A219-P1
495	H-A219-P2
496	H-A220-P0
497	H-A221-P0
498	H-A221-P1
499	H-A222-P0
500	H-A222-P1
501	H-A222-P2
502	H-A223-P0
503	H-A224-P0
504	H-A225-P0
505	H-A225-P1
506	H-A226-P0
507	H-A227-P0
508	H-A228-P0
509	H-A229-P0
510	H-A230-P0
511	H-A230-P1
512	H-A231-P0
513	H-A231-P1
514	H-A232-P0
515	H-A233-P0
516	H-A233-P1
517	H-A234-P0
518	H-A234-P1
519	H-A235-P0
520	H-A235-P1
521	H-A236-P0
522	H-A237-P0
523	H-A237-P1
524	H-A238-P0
525	H-A239-P0
526	H-A239-P1
527	H-A240-P0
528	H-A241-P0
529	H-A242-P0
530	H-A243-P0
531	H-A244-P0
532	H-A245-P0
533	H-A246-P0
534	H-A246-P1
535	H-A247-P0
536	H-A247-P1
537	H-A248-P0
538	H-A249-P0
539	H-A250-P0
540	H-A251-P0
541	H-A252-P0
542	H-A253-P0
543	H-A253-P1
544	H-A254-P0
545	H-A255-P0
546	H-A256-P0
547	H-A256-P1
548	H-A257-P0
549	H-A258-P0
550	H-A258-P1
551	H-A259-P0
552	H-A259-P1
553	H-A260-P0
554	H-A260-P1
555	H-A261-P0
556	H-A262-P0
557	H-A262-P1
558	H-A262-P2
559	H-A262-P3
560	H-A263-P0
561	H-A264-P0
562	H-A265-P0
563	H-A266-P0
564	H-A266-P1
565	H-A267-P0
566	H-A268-P0
567	H-A268-P1
568	H-A269-P0
569	H-A269-P1
570	H-A269-2-P0
571	H-A269-2-P1
572	H-A270-P0
573	H-A271-P0
574	H-A272-P0
575	H-A273-P0
576	H-A274-P0
577	H-A275-P0
578	H-A276-P0
579	H-A277-P0
580	H-A278-P0
581	H-A278-P1
582	H-A278-P2
583	H-A279-P0
584	H-A280-P0
585	H-A281-P0
586	H-A281-P1
587	H-A282-P0
588	H-A282-P1
589	H-A283-P0
590	H-A284-P0
591	H-A284-P1
592	H-A284-P2
593	H-A285-P0
594	H-A285-P1
595	H-A286-P0
596	H-A287-P0
597	H-A288-P0
598	H-A288-P1
599	H-A289-P0
600	H-A290-P0
601	H-A291-P0
602	H-A292-P0
603	H-A293-P0
604	H-A294-P0
605	H-A295-P0
606	H-A295-P1
607	H-A296-P0
608	H-A297-P0
609	H-A297-P1
610	H-A298-P0
611	H-A298-P1
612	H-A298-P2
613	H-A299-P0
614	H-A299-P1
615	H-A300-P0
616	H-A301-P0
617	H-A302-P0
618	H-A303-P0
619	H-A304-P0
620	H-A304-P1
621	H-A305-P0
622	H-A306-P0
623	H-A307-P0
624	H-A307-P1
625	H-A308-P0
626	H-A309-P0
627	H-A309-P1
628	H-A310-P0
629	H-A311-P0
630	H-A312-P0
631	H-A313-P0
632	H-A313-P1
633	H-A314-P0
634	H-A315-P0
635	H-A316-P0
636	H-A317-P0
637	H-A318-P0
638	H-A319-P0
639	H-A320-P0
640	H-A321-P0
641	H-A322-P0
642	H-A323-P0
643	H-A324-P0
644	H-A325-P0
645	H-A326-P0
646	H-A327-P0
647	H-A327-P1
648	H-A328-P0
649	H-A329-P0
650	H-A329-P1
651	H-A330-P0
652	H-A330-P1
653	H-A330-P2
654	H-A331-P0
655	H-A331-P1
656	H-A332-P0
657	H-A333-P0
658	H-A334-P0
659	H-A335-P0
660	H-A335-P1
661	H-A335-P2
662	H-A335-P3
663	H-A336-P0
664	H-A337-P0
665	H-A338-P0
666	H-A338-P1
667	H-A339-P0
668	H-A340-P0
669	H-A341-P0
670	H-A342-P0
671	H-A343-P0
672	H-A344-P0
673	H-A345-P0
674	H-A346-P0
675	H-A347-P0
676	H-A348-P0
677	H-A349-P0
678	H-A350-P0
679	H-A351-P0
680	H-A352-P0
681	H-A353-P0
682	H-A354-P0
683	H-A355-P0
684	H-A356-P0
685	H-A357-P0
686	H-A358-P0
687	H-A359-P0
688	H-A360-P0
689	H-A360-P1
690	H-A361-P0
691	H-A362-P0
692	H-A362-P1
693	H-A363-P0
694	H-A364-P0
695	H-A365-P0
696	H-A366-P0
697	H-A366-P1
698	H-A366-P2
699	H-A366-P3
700	H-A367-P0
701	H-A368-P0
702	H-A369-P0
703	H-A369-P1
704	H-A370-P0
705	H-A371-P0
706	H-A372-P0
707	H-A373-P0
708	H-A374-P0
709	H-A374-P1
710	H-A375-P0
711	H-A375-P1
712	H-A376-P0
713	H-A376-P1
714	H-A377-P0
715	H-A377-P1
716	H-A378-P0
717	H-A379-P0
718	H-A380-P0
719	H-A381-P0
720	H-A382-P0
721	H-A383-P0
722	H-A384-P0
723	H-A385-P0
724	H-A386-P0
725	H-A387-P0
726	H-A387-P1
727	H-A388-P0
728	H-A389-P0
729	H-A389-P1
730	H-A390-P0
731	H-A391-P0
732	H-A392-P0
733	H-A392-P1
734	H-A393-P0
735	H-A394-P0
736	H-A394-P1
737	H-A395-P0
738	H-A395-P1
739	H-A396-P0
740	H-A397-P0
741	H-A398-P0
742	H-A398-10-P0
743	H-A398-10-P1
744	H-A398-10-P2
745	H-A398-11-P0
746	H-A398-11-P1
747	H-A398-12-P0
748	H-A398-12-P1
749	H-A398-12-P2
750	H-A398-13-P0
751	H-A398-14-P0
752	H-A398-14-P1
753	H-A398-15-P0
754	H-A398-16-P0
755	H-A398-17-P0
756	H-A398-17-P1
757	H-A398-18-P0
758	H-A398-19-P0
759	H-A398-19-P1
760	H-A398-19-P2
761	H-A398-2-P0
762	H-A398-2-P1
763	H-A398-2-P2
764	H-A398-20-P0
765	H-A398-20-P1
766	H-A398-21-P0
767	H-A398-21-P1
768	H-A398-22-P0
769	H-A398-22-P1
770	H-A398-22-P2
771	H-A398-3-P0
772	H-A398-3-P1
773	H-A398-4-P0
774	H-A398-4-P1
775	H-A398-4-P2
776	H-A398-5-P0
777	H-A398-6-P0
778	H-A398-6-P1
779	H-A398-6-P2
780	H-A398-6-P3
781	H-A398-7-P0
782	H-A398-7-P1
783	H-A398-7-P2
784	H-A398-8-P0
785	H-A398-8-P1
786	H-A398-8-P2
787	H-A398-8-P3
788	H-A398-9-P0
789	H-A398-9-P1
790	H-A398-9-P2
791	H-A398-9-P3
792	H-A398-9-P4
793	H-A399-P0
794	H-A400-P0
795	H-A401-P0
796	H-A401-P1
797	H-A402-P0
798	H-A402-P1
799	H-A402-P2
800	H-A403-P0
801	H-A404-P0
802	H-A405-P0
803	H-A406-P0
804	H-A407-P0
805	H-A407-P1
806	H-A408-P0
807	H-A409-P0
808	H-A409-P1
809	H-A410-P0
810	H-A410-P1
811	H-A411-P0
812	H-A412-P0
813	H-A412-P1
814	H-A412-P2
815	H-A413-P0
816	H-A414-P0
817	H-A414-P1
818	H-A414-P2
819	H-A414-P3
820	H-A415-P0
821	H-A416-P0
822	H-A416-P1
823	H-A417-P0
824	H-A418-P0
825	H-A419-P0
826	H-A419-P1
827	H-A419-P2
828	H-A420-P0
829	H-A420-P1
830	H-A420-P2
831	H-A421-P0
832	H-A422-P0
833	H-A423-P0
834	H-A423-P1
835	H-A424-P0
836	H-A424-P1
837	H-A425-P0
838	H-A426-P0
839	H-A427-P0
840	H-A428-P0
841	H-A429-P0
842	H-A429-P1
843	H-A430-P0
844	H-A431-P0
845	H-A432-P0
846	H-A433-P0
847	H-A434-P0
848	H-A435-P0
849	H-A436-P0
850	H-A436-P1
851	H-A437-P0
852	H-A438-P0
853	H-A439-P0
854	H-A440-P0
855	H-A441-P0
856	H-A442-P0
857	H-A442-P1
858	H-A443-P0
859	H-A443-P1
860	H-A444-P0
861	H-A445-P0
862	H-A446-P0
863	H-A446-P1
864	H-A446-P2
865	H-A447-P0
866	H-A447-P1
867	H-A448-P0
868	H-A449-P0
869	H-A450-P0
870	H-A451-P0
871	H-A452-P0
872	H-A453-P0
873	H-A454-P0
874	H-A455-P0
875	H-A456-P0
876	H-A457-P0
877	H-A457-P1
878	H-A458-P0
879	H-A459-P0
880	H-A459-P1
881	H-A460-P0
882	H-A461-P0
883	H-A461-P1
884	H-A462-P0
885	H-A462-P1
886	H-A463-P0
887	H-A463-P1
888	H-A464-P0
889	H-A465-P0
890	H-A465-P1
891	H-A465-2-P0
892	H-A465-2-P1
893	H-A465-2-P2
894	H-A465-3-P0
895	H-A465-3-P1
896	H-A465-3-P2
897	H-A465-3-P3
898	H-A465-4-P0
899	H-A465-5-P0
900	H-A466-P0
901	H-A466-P1
902	H-A467-P0
903	H-A467-P1
904	H-A468-P0
905	H-A468-P1
906	H-A469-P0
907	H-A470-P0
908	H-A471-P0
909	H-A472-P0
910	H-A473-P0
911	H-A474-P0
912	H-A474-P1
913	H-A475-P0
914	H-A476-P0
915	H-A477-P0
916	H-A478-P0
917	H-A479-P0
918	H-A480-P0
919	H-A481-P0
920	H-A481-P1
921	H-A482-P0
922	H-A483-P0
923	H-A484-P0
924	H-A485-P0
925	H-A486-P0
926	H-A487-P0
927	H-A488-P0
928	H-A488-P1
929	H-A488-P2
930	H-A489-P0
931	H-A490-P0
932	H-A491-P0
933	H-A491-P1
934	H-A492-P0
935	H-A493-P0
936	H-A494-P0
937	H-A495-P0
938	H-A495-P1
939	H-A495-P2
940	H-A496-P0
941	H-A496-P1
942	H-A497-P0
943	H-A498-P0
944	H-A499-P0
945	H-A499-P1
946	H-A500-P0
947	H-A501-P0
948	H-A502-P0
949	H-A502-P1
950	H-A503-P0
951	H-A503-P1
952	H-A504-P0
953	H-A505-P0
954	H-A505-P1
955	H-A506-P0
956	H-A506-P1
957	H-A507-P0
958	H-A508-P0
959	H-A509-P0
960	H-A510-P0
961	H-A511-P0
962	H-A512-P0
963	H-A513-P0
964	H-A513-P1
965	H-A514-P0
966	H-A515-P0
967	H-A516-P0
968	H-A517-P0
969	H-A518-P0
970	H-A519-P0
971	H-A520-P0
972	H-A521-P0
973	H-A521-P1
974	H-A522-P0
975	H-A522-P1
976	H-A523-P0
977	H-A524-P0
978	H-A525-P0
979	H-A526-P0
980	H-A526-P1
981	H-A527-P0
982	H-A527-P1
983	H-A528-P0
984	H-A529-P0
985	H-A530-P0
986	H-A530-P1
987	H-A530-P2
988	H-A531-P0
989	H-A531-P1
990	H-A531-P2
991	H-A532-P0
992	H-A532-P1
993	H-A532-P2
994	H-A532-P3
995	H-A533-P0
996	H-A534-P0
997	H-A534-P1
998	H-A535-P0
999	H-A535-P1
1000	H-A535-P2
1001	H-A536-P0
1002	H-A536-P1
1003	H-A537-P0
1004	H-A537-P1
1005	H-A538-P0
1006	H-A539-P0
1007	H-A540-P0
1008	H-A540-P1
1009	H-A541-P0
1010	H-A542-P0
1011	H-A543-P0
1012	H-A544-P0
1013	H-A544-P1
1014	H-A545-P0
1015	H-A545-P1
1016	H-A545-P2
1017	H-A546-P0
1018	H-A547-P0
1019	H-A548-P0
1020	H-A548-P1
1021	H-A549-P0
1022	H-A550-P0
1023	H-A551-P0
1024	H-A551-P1
1025	H-A552-P0
1026	H-A553-P0
1027	H-A554-P0
1028	H-A555-P0
1029	H-A556-P0
1030	H-A556-P1
1031	H-A557-P0
1032	H-A557-P1
1033	H-A558-P0
1034	H-A559-P0
1035	H-A560-P0
1036	H-A561-P0
1037	H-A562-P0
1038	H-A562-P1
1039	H-A563-P0
1040	H-A563-P1
1041	H-A563-P2
1042	H-A564-P0
1043	H-A565-P0
1044	H-A566-P0
1045	H-A566-P1
1046	H-A566-P2
1047	H-A567-P0
1048	H-A567-P1
1049	H-A567-P2
1050	H-A568-P0
1051	H-A568-P1
1052	H-A568-P2
1053	H-A569-P0
1054	H-A569-P1
1055	H-A570-P0
1056	H-A571-P0
1057	H-A572-P0
1058	H-A573-P0
1059	H-A574-P0
1060	H-A575-P0
1061	H-A575-P1
1062	H-A576-P0
1063	H-A577-P0
1064	H-A577-P1
1065	H-A578-P0
1066	H-A579-P0
1067	H-A580-P0
1068	H-A580-P1
1069	H-A580-P2
1070	H-A581-P0
1071	H-A581-P1
1072	H-A582-P0
1073	H-A583-P0
1074	H-A583-P1
1075	H-A584-P0
1076	H-A585-P0
1077	H-A585-P1
1078	H-A586-P0
1079	H-A586-P1
1080	H-A587-P0
1081	H-A588-P0
1082	H-A589-P0
1083	H-A590-P0
1084	H-A590-P1
1085	H-A591-P0
1086	H-A591-P1
1087	H-A592-P0
1088	H-A593-P0
1089	H-A594-P0
1090	H-A594-P1
1091	H-A594-P2
1092	H-A595-P0
1093	H-A595-P1
1094	H-A596-P0
1095	H-A597-P0
1096	H-A597-P1
1097	H-A597-P2
1098	H-A598-P0
1099	H-A599-P0
1100	H-A600-P0
1101	H-A601-P0
1102	H-A602-P0
1103	H-A603-P0
1104	H-A604-P0
1105	H-A604-P1
1106	H-A605-P0
1107	H-A606-P0
1108	H-A606-P1
1109	H-A607-P0
1110	H-A608-P0
1111	H-A608-P1
1112	H-A609-P0
1113	H-A610-P0
1114	H-A611-P0
1115	H-A611-P1
1116	H-A612-P0
1117	H-A612-P1
1118	H-A613-P0
1119	H-A613-P1
1120	H-A614-P0
1121	H-A615-P0
1122	H-A616-P0
1123	H-A617-P0
1124	H-A617-P1
1125	H-A618-P0
1126	H-A619-P0
1127	H-A619-P1
1128	H-A620-P0
1129	H-A621-P0
1130	H-A622-P0
1131	H-A623-P0
1132	H-A624-P0
1133	H-A624-P1
1134	H-A625-P0
1135	H-A625-P1
1136	H-A625-P2
1137	H-A626-P0
1138	H-A626-P1
1139	H-A627-P0
1140	H-A627-P1
1141	H-A627-P2
1142	H-A628-P0
1143	H-A629-P0
1144	H-A629-P1
1145	H-A630-P0
1146	H-A631-P0
1147	H-A632-P0
1148	H-A633-P0
1149	H-A634-P0
1150	H-A634-P1
1151	H-A635-P0
1152	H-A636-P0
1153	H-A637-P0
1154	H-A637-P1
1155	H-A638-P0
1156	H-A638-P1
1157	H-A639-P0
1158	H-A640-P0
1159	H-A641-P0
1160	H-A642-P0
1161	H-A642-P1
1162	H-A643-P0
1163	H-A644-P0
1164	H-A645-P0
1165	H-A646-P0
1166	H-A646-P1
1167	H-A647-P0
1168	H-A648-P0
1169	H-A648-P1
1170	H-A648-P2
1171	H-A649-P0
1172	H-A650-P0
1173	H-A650-P1
1174	H-A650-P2
1175	H-A651-P0
1176	H-A651-P1
1177	H-A652-P0
1178	H-A653-P0
1179	H-A654-P0
1180	H-A655-P0
1181	H-A656-P0
1182	H-A657-P0
1183	H-A658-P0
1184	H-A658-P1
1185	H-A659-P0
1186	H-A660-P0
1187	H-A661-P0
1188	H-A662-P0
1189	H-A663-P0
1190	H-A663-P1
1191	H-A664-P0
1192	H-A665-P0
1193	H-A666-P0
1194	H-A666-P1
1195	H-A667-P0
1196	H-A667-P1
1197	H-A668-P0
1198	H-A669-P0
1199	H-A670-P0
1200	H-A670-P1
1201	H-A670-P2
1202	H-A671-P0
1203	H-A672-P0
1204	H-A672-P1
1205	H-A673-P0
1206	H-A674-P0
1207	H-A674-P1
1208	H-A675-P0
1209	H-A676-P0
1210	H-A676-P1
1211	H-A677-P0
1212	H-A678-P0
1213	H-A678-P1
1214	H-A679-P0
1215	H-A680-P0
1216	H-A681-P0
1217	H-A681-P1
1218	H-A681-P2
1219	H-A682-P0
1220	H-A683-P0
1221	H-A684-P0
1222	H-A685-P0
1223	H-A685-P1
1224	H-A686-P0
1225	H-A687-P0
1226	H-A688-P0
1227	H-A688-P1
1228	H-A688-P2
1229	H-A689-P0
1230	H-A690-P0
1231	H-A691-P0
1232	H-A691-P1
1233	H-A692-P0
1234	H-A693-P0
1235	H-A693-P1
1236	H-A694-P0
1237	H-A695-P0
1238	H-A696-P0
1239	H-A697-P0
1240	H-A697-P1
1241	H-A698-P0
1242	H-A699-P0
1243	H-A700-P0
1244	H-A701-P0
1245	H-A702-P0
1246	H-A702-P1
1247	H-A702-P2
1248	H-A703-P0
1249	H-A704-P0
1250	H-A705-P0
1251	H-A706-P0
1252	H-A707-P0
1253	H-A707-P1
1254	H-A708-P0
1255	H-A709-P0
1256	H-A710-P0
1257	H-A711-P0
1258	H-A712-P0
1259	H-A713-P0
1260	H-A714-P0
1261	H-A714-P1
1262	H-A715-P0
1263	H-A715-P1
1264	H-A715-P2
1265	H-A716-P0
1266	H-A717-P0
1267	H-A717-P1
1268	H-A717-P2
1269	H-A718-P0
1270	H-A718-P1
1271	H-A719-P0
1272	H-A719-P1
1273	H-A720-P0
1274	H-A720-P1
1275	H-A721-P0
1276	H-A722-P0
1277	H-A722-P1
1278	H-A723-P0
1279	H-A724-P0
1280	H-A725-P0
1281	H-A726-P0
1282	H-A726-P1
1283	H-A727-P0
1284	H-A728-P0
1285	H-A728-P1
1286	H-A729-P0
1287	H-A730-P0
1288	H-A731-P0
1289	H-A732-P0
1290	H-A733-P0
1291	H-A733-P1
1292	H-A734-P0
1293	H-A734-P1
1294	H-A735-P0
1295	H-A736-P0
1296	H-A737-P0
1297	H-A737-P1
1298	H-A738-P0
1299	H-A739-P0
1300	H-A739-P1
1301	H-A740-P0
1302	H-A741-P0
1303	H-A742-P0
1304	H-A743-P0
1305	H-A744-P0
1306	H-A744-P1
1307	H-A745-P0
1308	H-A745-P1
1309	H-A746-P0
1310	H-A747-P0
1311	H-A747-P1
1312	H-A748-P0
1313	H-A748-P1
1314	H-A748-P2
1315	H-A749-P0
1316	H-A750-P0
1317	H-A751-P0
1318	H-A751-P1
1319	H-A752-P0
1320	H-A753-P0
1321	H-A754-P0
1322	H-A755-P0
1323	H-A756-P0
1324	H-A757-P0
1325	H-A758-P0
1326	H-A758-P1
1327	H-A758-P2
1328	H-A759-P0
1329	H-A760-P0
1330	H-A761-P0
1331	H-A762-P0
1332	H-A762-P1
1333	H-A763-P0
1334	H-A764-P0
1335	H-A765-P0
1336	H-A765-P1
1337	H-A766-P0
1338	H-A766-P1
1339	H-A766-P2
1340	H-A766-P3
1341	H-A767-P0
1342	H-A767-P1
1343	H-A768-P0
1344	H-A768-P1
1345	H-A768-P2
1346	H-A769-P0
1347	H-A769-P1
1348	H-A770-P0
1349	H-A770-P1
1350	H-A771-P0
1351	H-A772-P0
1352	H-A772-P1
1353	H-A773-P0
1354	H-A774-P0
1355	H-A775-P0
1356	H-A776-P0
1357	H-A777-P0
1358	H-A778-P0
1359	H-A779-P0
1360	H-A780-P0
1361	H-A781-P0
1362	H-A781-P1
1363	H-A782-P0
1364	H-A783-P0
1365	H-A783-P1
1366	H-A784-P0
1367	H-A785-P0
1368	H-A786-P0
1369	H-A787-P0
1370	H-A788-P0
1371	H-A789-P0
1372	H-A789-P1
1373	H-A789-P2
1374	H-A790-P0
1375	H-A790-P1
1376	H-A791-P0
1377	H-A791-P1
1378	H-A791-P2
1379	H-A791-P3
1380	H-A792-P0
1381	H-A793-P0
1382	H-A794-P0
1383	H-A795-P0
1384	H-A796-P0
1385	H-A797-P0
1386	H-A797-P1
1387	H-A798-P0
1388	H-A799-P0
1389	H-A800-P0
1390	H-A801-P0
1391	H-A802-P0
1392	H-A803-P0
1393	H-A804-P0
1394	H-A805-P0
1395	H-A806-P0
1396	H-A806-P1
1397	H-A806-P2
1398	H-A806-2-P0
1399	H-A806-2-P1
1400	H-A806-3-P0
1401	H-A806-3-P1
1402	H-A807-P0
1403	H-A808-P0
1404	H-A808-P1
1405	H-A809-P0
1406	H-A810-P0
1407	H-A811-P0
1408	H-A811-P1
1409	H-A811-P2
1410	H-A811-P3
1411	H-A811-P4
1412	H-A811-P5
1413	H-A811-2-P0
1414	H-A812-P0
1415	H-A813-P0
1416	H-A813-P1
1417	H-A814-P0
1418	H-A814-P1
1419	H-A815-P0
1420	H-A816-P0
1421	H-A816-P1
1422	H-A817-P0
1423	H-A817-10-P0
1424	H-A817-10-P1
1425	H-A817-11-P0
1426	H-A817-2-P0
1427	H-A817-2-P1
1428	H-A817-3-P0
1429	H-A817-3-P1
1430	H-A817-4-P0
1431	H-A817-5-P0
1432	H-A817-6-P0
1433	H-A817-7-P0
1434	H-A817-8-P0
1435	H-A817-8-P1
1436	H-A817-9-P0
1437	H-A818-P0
1438	H-A818-P1
1439	H-A818-P2
1440	H-A819-P0
1441	H-A819-P1
1442	H-A819-P2
1443	H-A819-P3
1444	H-A819-P4
1445	H-A819-P5
1446	H-A820-P0
1447	H-A821-P0
1448	H-A822-P0
1449	H-A823-P0
1450	H-A823-P1
1451	H-A824-P0
1452	H-A825-P0
1453	H-A826-P0
1454	H-A826-P1
1455	H-A827-P0
1456	H-A828-P0
1457	H-A829-P0
1458	H-A830-P0
1459	H-A830-P1
1460	H-A830-P2
1461	H-A830-P3
1462	H-A831-P0
1463	H-A832-P0
1464	H-A832-P1
1465	H-A833-P0
1466	H-A834-P0
1467	H-A834-2-P0
1468	H-A834-2-P1
1469	H-A835-P0
1470	H-A836-P0
1471	H-A837-P0
1472	H-A837-P1
1473	H-A838-P0
1474	H-A839-P0
1475	H-A839-P1
1476	H-A840-P0
1477	H-A840-P1
1478	H-A840-P2
1479	H-A841-P0
1480	H-A842-P0
1481	H-A843-P0
1482	H-A843-P1
1483	H-A843-P2
1484	H-A843-P3
1485	H-A844-P0
1486	H-A845-P0
1487	H-A846-P0
1488	H-A847-P0
1489	H-A848-P0
1490	H-A849-P0
1491	H-A850-P0
1492	H-A851-P0
1493	H-A852-P0
1494	H-A853-P0
1495	H-A853-P1
1496	H-A854-P0
1497	H-A855-P0
1498	H-A855-P1
1499	H-A856-P0
1500	H-A857-P0
1501	H-A857-2-P0
1502	H-A857-2-P1
1503	H-A857-2-P2
1504	H-A857-2-P3
1505	H-A857-2-P4
1506	H-A858-P0
1507	H-A859-P0
1508	H-A859-P1
1509	H-A859-2-P0
1510	H-A859-2-P1
1511	H-A859-2-P2
1512	H-A859-3-P0
1513	H-A860-P0
1514	H-A861-P0
1515	H-A861-P1
1516	H-A862-P0
1517	H-A863-P0
1518	H-A863-P1
1519	H-A864-P0
1520	H-A865-P0
1521	H-A865-P1
1522	H-A866-P0
1523	H-A866-P1
1524	H-A867-P0
1525	H-A867-P1
1526	H-A868-P0
1527	H-A869-P0
1528	H-A870-P0
1529	H-A871-P0
1530	H-A872-P0
1531	H-A872-P1
1532	H-A873-P0
1533	H-A873-P1
1534	H-A874-P0
1535	H-A875-P0
1536	H-A875-P1
1537	H-A876-P0
1538	H-A876-10-P0
1539	H-A876-10-P1
1540	H-A876-2-P0
1541	H-A876-2-P1
1542	H-A876-2-P2
1543	H-A876-3-P0
1544	H-A876-3-P1
1545	H-A876-4-P0
1546	H-A876-4-P1
1547	H-A876-4-P2
1548	H-A876-5-P0
1549	H-A876-5-P1
1550	H-A876-5-P2
1551	H-A876-6-P0
1552	H-A876-7-P0
1553	H-A876-7-P1
1554	H-A876-7-P2
1555	H-A876-8-P0
1556	H-A876-8-P1
1557	H-A876-9-P0
1558	H-A876-9-P1
1559	H-A877-P0
1560	H-A877-P1
1561	H-A877-P2
1562	H-A878-P0
1563	H-A879-P0
1564	H-A880-P0
1565	H-A881-P0
1566	H-A882-P0
1567	H-A883-P0
1568	H-A884-P0
1569	H-A885-P0
1570	H-A885-P1
1571	H-A886-P0
1572	H-A886-P1
1573	H-A887-P0
1574	H-A887-P1
1575	H-A887-P2
1576	H-A888-P0
1577	H-A889-P0
1578	H-A889-P1
1579	H-A890-P0
1580	H-A891-P0
1581	H-A892-P0
1582	H-A893-P0
1583	H-A894-P0
1584	H-A894-P1
1585	H-A895-P0
1586	H-A895-P1
1587	H-A896-P0
1588	H-A897-P0
1589	H-A897-P1
1590	H-A898-P0
1591	H-A899-P0
1592	H-A900-P0
1593	H-A901-P0
1594	H-A901-P1
1595	H-A902-P0
1596	H-A902-P1
1597	H-A903-P0
1598	H-A903-P1
1599	H-A903-P2
1600	H-A904-P0
1601	H-A904-2-P0
1602	H-A904-2-P1
1603	H-A904-2-P2
1604	H-A904-2-P3
1605	H-A905-P0
1606	H-A905-P1
1607	H-A906-P0
1608	H-A907-P0
1609	H-A907-P1
1610	H-A907-P2
1611	H-A908-P0
1612	H-A909-P0
1613	H-A910-P0
1614	H-A911-P0
1615	H-A912-P0
1616	H-A912-P1
1617	H-A913-P0
1618	H-A914-P0
1619	H-A915-P0
1620	H-A915-P1
1621	H-A916-P0
1622	H-A917-P0
1623	H-A918-P0
1624	H-A918-P1
1625	H-A918-P2
1626	H-A919-P0
1627	H-A919-P1
1628	H-A919-P2
1629	H-A919-P3
1630	H-A920-P0
1631	H-A921-P0
1632	H-A922-P0
1633	H-A923-P0
1634	H-A924-P0
1635	H-A925-P0
1636	H-A926-P0
1637	H-A926-P1
1638	H-A927-P0
1639	H-A927-P1
1640	H-A927-P2
1641	H-A927-P3
1642	H-A928-P0
1643	H-A929-P0
1644	H-A930-P0
1645	H-A930-P1
1646	H-A931-P0
1647	H-A932-P0
1648	H-A933-P0
1649	H-A934-P0
1650	H-A934-P1
1651	H-A934-P2
1652	H-A935-P0
1653	H-A936-P0
1654	H-A936-P1
1655	H-A936-P2
1656	H-A937-P0
1657	H-A938-P0
1658	H-A939-P0
1659	H-A940-P0
1660	H-A940-P1
1661	H-A941-P0
1662	H-A941-P1
1663	H-A941-P2
1664	H-A942-P0
1665	H-A943-P0
1666	H-A943-P1
1667	H-A944-P0
1668	H-A944-P1
1669	H-A945-P0
1670	H-A946-P0
1671	H-A947-P0
1672	H-A947-P1
1673	H-A947-P2
1674	H-A948-P0
1675	H-A949-P0
1676	H-A950-P0
1677	H-A950-P1
1678	H-A951-P0
1679	H-A952-P0
1680	H-A952-P1
1681	H-A953-P0
1682	H-A954-P0
1683	H-A955-P0
1684	H-A956-P0
1685	H-A956-P1
1686	H-A957-P0
1687	H-A957-P1
1688	H-A958-P0
1689	H-A958-2-P0
1690	H-A958-3-P0
1691	H-A958-3-P1
1692	H-A959-P0
1693	H-A960-P0
1694	H-A961-P0
1695	H-A962-P0
1696	H-A963-P0
1697	H-A964-P0
1698	H-A965-P0
1699	H-A966-P0
1700	H-A966-P1
1701	H-A967-P0
1702	H-A968-P0
1703	H-A968-P1
1704	H-A969-P0
1705	H-A969-2-P0
1706	H-A969-2-P1
1707	H-A969-2-P2
1708	H-A970-P0
1709	H-A970-P1
1710	H-A971-P0
1711	H-A972-P0
1712	H-A972-P1
1713	H-A972-P2
1714	H-A973-P0
1715	H-A973-P1
1716	H-A974-P0
1717	H-A975-P0
1718	H-A976-P0
1719	H-A976-P1
1720	H-A976-P2
1721	H-A976-P3
1722	H-A976-P4
1723	H-A977-P0
1724	H-A978-P0
1725	H-A979-P0
1726	H-A979-P1
1727	H-A979-P2
1728	H-A979-P3
1729	H-A980-P0
1730	H-A981-P0
1731	H-A982-P0
1732	H-A983-P0
1733	H-A984-P0
1734	H-A985-P0
1735	H-A985-P1
1736	H-A986-P0
1737	H-A986-P1
1738	H-A987-P0
1739	H-A988-P0
1740	H-A989-P0
1741	H-A989-P1
1742	H-A990-P0
1743	H-A991-P0
1744	H-A992-P0
1745	H-A993-P0
1746	H-A993-P1
1747	H-A994-P0
1748	H-A994-P1
1749	H-A995-P0
1750	H-A996-P0
1751	H-A997-P0
1752	H-A997-P1
1753	H-A998-P0
1754	H-A998-P1
1755	H-A999-P0
